id,label,mutation_name,mutation_type,clinvar_accession,clinical_significance,review_status,condition,mutation_group,dataset_split,source,AAA,AAC,AAG,AAT,ACA,ACC,ACG,ACT,AGA,AGC,AGG,AGT,ATA,ATC,ATG,ATT,CAA,CAC,CAG,CAT,CCA,CCC,CCG,CCT,CGA,CGC,CGG,CGT,CTA,CTC,CTG,CTT,GAA,GAC,GAG,GAT,GCA,GCC,GCG,GCT,GGA,GGC,GGG,GGT,GTA,GTC,GTG,GTT,TAA,TAC,TAG,TAT,TCA,TCC,TCG,TCT,TGA,TGC,TGG,TGT,TTA,TTC,TTG,TTT
VCV000036329.69,0,c.432C>T,substitution,VCV000036329,Benign/Likely benign,"criteria provided, multiple submitters, no conflicts",Inborn genetic diseases; not provided; not specified,5225610,train,ClinVar,0.019302615193026153,0.013075965130759652,0.019925280199252802,0.02303860523038605,0.0186799501867995,0.009962640099626401,0.00311332503113325,0.0161892901618929,0.011830635118306352,0.00684931506849315,0.017434620174346202,0.014321295143212951,0.024906600249066,0.013075965130759652,0.016811955168119553,0.026151930261519303,0.016811955168119553,0.012453300124533,0.013075965130759652,0.019925280199252802,0.0112079701120797,0.011830635118306352,0.0012453300124533001,0.019925280199252802,0.0006226650062266501,0.0018679950186799503,0.0006226650062266501,0.00311332503113325,0.016811955168119553,0.0136986301369863,0.028019925280199254,0.0273972602739726,0.011830635118306352,0.008717310087173101,0.009962640099626401,0.011830635118306352,0.016811955168119553,0.010585305105853052,0.0,0.0186799501867995,0.012453300124533,0.014943960149439602,0.015566625155666251,0.016811955168119553,0.008717310087173101,0.00809464508094645,0.02054794520547945,0.016811955168119553,0.028019925280199254,0.013075965130759652,0.007471980074719801,0.026151930261519303,0.015566625155666251,0.011830635118306352,0.0018679950186799503,0.031133250311332503,0.017434620174346202,0.0224159402241594,0.026151930261519303,0.019925280199252802,0.024283935242839352,0.025529265255292654,0.02054794520547945,0.05292652552926526
VCV000015565.15,0,c.430C>T,substitution,VCV000015565,Likely benign,"criteria provided, multiple submitters, no conflicts",not provided; not specified,5225612,train,ClinVar,0.019302615193026153,0.013075965130759652,0.019925280199252802,0.02303860523038605,0.019302615193026153,0.009962640099626401,0.00311332503113325,0.0161892901618929,0.011830635118306352,0.00684931506849315,0.017434620174346202,0.014321295143212951,0.024283935242839352,0.013075965130759652,0.016811955168119553,0.026151930261519303,0.017434620174346202,0.012453300124533,0.013075965130759652,0.019302615193026153,0.010585305105853052,0.0112079701120797,0.0012453300124533001,0.02054794520547945,0.0006226650062266501,0.0018679950186799503,0.0006226650062266501,0.00311332503113325,0.017434620174346202,0.0136986301369863,0.028019925280199254,0.0273972602739726,0.011830635118306352,0.008717310087173101,0.009962640099626401,0.011830635118306352,0.016811955168119553,0.010585305105853052,0.0,0.0186799501867995,0.012453300124533,0.014943960149439602,0.015566625155666251,0.016811955168119553,0.008717310087173101,0.00809464508094645,0.02054794520547945,0.016811955168119553,0.0273972602739726,0.0136986301369863,0.007471980074719801,0.026151930261519303,0.015566625155666251,0.011830635118306352,0.0018679950186799503,0.031133250311332503,0.017434620174346202,0.0224159402241594,0.026151930261519303,0.019925280199252802,0.024283935242839352,0.025529265255292654,0.02054794520547945,0.05292652552926526
VCV001121500.10,0,c.426G>T,substitution,VCV001121500,Likely benign,"criteria provided, multiple submitters, no conflicts",not provided; not specified,5225616,train,ClinVar,0.019302615193026153,0.013075965130759652,0.019925280199252802,0.02303860523038605,0.019302615193026153,0.009962640099626401,0.00311332503113325,0.0161892901618929,0.011830635118306352,0.00684931506849315,0.017434620174346202,0.014321295143212951,0.024283935242839352,0.013075965130759652,0.016811955168119553,0.026151930261519303,0.017434620174346202,0.013075965130759652,0.013075965130759652,0.019302615193026153,0.0112079701120797,0.011830635118306352,0.0012453300124533001,0.019925280199252802,0.0006226650062266501,0.0018679950186799503,0.0006226650062266501,0.00311332503113325,0.016811955168119553,0.0136986301369863,0.0273972602739726,0.028019925280199254,0.011830635118306352,0.008717310087173101,0.009962640099626401,0.011830635118306352,0.016811955168119553,0.010585305105853052,0.0,0.0186799501867995,0.012453300124533,0.014321295143212951,0.015566625155666251,0.016811955168119553,0.008717310087173101,0.00809464508094645,0.02054794520547945,0.016811955168119553,0.0273972602739726,0.013075965130759652,0.007471980074719801,0.026151930261519303,0.015566625155666251,0.011830635118306352,0.0018679950186799503,0.031133250311332503,0.017434620174346202,0.02303860523038605,0.025529265255292654,0.019925280199252802,0.024283935242839352,0.025529265255292654,0.021170610211706103,0.05292652552926526
VCV000762836.13,0,c.402G>A,substitution,VCV000762836,Likely benign,"criteria provided, multiple submitters, no conflicts","Beta-thalassemia HBB/LCRB; Dominant beta-thalassemia; Erythrocytosis, familial, 6; Hb SS disease; Heinz body anemia; Hereditary persistence of fetal hemoglobin; Inborn genetic diseases; METHEMOGLOBINEMIA, BETA TYPE; Malaria, susceptibility to; alpha Thalassemia; not provided",5225640,train,ClinVar,0.019302615193026153,0.013075965130759652,0.019925280199252802,0.02303860523038605,0.019302615193026153,0.009962640099626401,0.00311332503113325,0.0161892901618929,0.011830635118306352,0.00684931506849315,0.017434620174346202,0.014943960149439602,0.024283935242839352,0.013075965130759652,0.016811955168119553,0.026151930261519303,0.017434620174346202,0.013075965130759652,0.013075965130759652,0.019302615193026153,0.0112079701120797,0.011830635118306352,0.0012453300124533001,0.019925280199252802,0.0006226650062266501,0.0018679950186799503,0.0006226650062266501,0.00311332503113325,0.016811955168119553,0.0136986301369863,0.028019925280199254,0.0273972602739726,0.011830635118306352,0.008717310087173101,0.009962640099626401,0.011830635118306352,0.016811955168119553,0.010585305105853052,0.0,0.0186799501867995,0.012453300124533,0.014943960149439602,0.015566625155666251,0.0161892901618929,0.00933997509339975,0.00809464508094645,0.019925280199252802,0.016811955168119553,0.0273972602739726,0.013075965130759652,0.00809464508094645,0.026151930261519303,0.015566625155666251,0.011830635118306352,0.0018679950186799503,0.031133250311332503,0.017434620174346202,0.0224159402241594,0.025529265255292654,0.019925280199252802,0.024283935242839352,0.025529265255292654,0.02054794520547945,0.05292652552926526
VCV000015233.16,0,c.397A>C,substitution,VCV000015233,Likely benign,"criteria provided, multiple submitters, no conflicts",not provided; not specified,5225645,train,ClinVar,0.0186799501867995,0.013075965130759652,0.019925280199252802,0.02303860523038605,0.019302615193026153,0.009962640099626401,0.00311332503113325,0.0161892901618929,0.0112079701120797,0.007471980074719801,0.017434620174346202,0.014321295143212951,0.024283935242839352,0.013075965130759652,0.016811955168119553,0.026151930261519303,0.01805728518057285,0.013075965130759652,0.013075965130759652,0.019302615193026153,0.0112079701120797,0.011830635118306352,0.0012453300124533001,0.019925280199252802,0.0006226650062266501,0.0018679950186799503,0.0006226650062266501,0.00311332503113325,0.016811955168119553,0.0136986301369863,0.028019925280199254,0.0273972602739726,0.0112079701120797,0.008717310087173101,0.009962640099626401,0.011830635118306352,0.017434620174346202,0.010585305105853052,0.0,0.0186799501867995,0.012453300124533,0.014943960149439602,0.015566625155666251,0.016811955168119553,0.008717310087173101,0.00809464508094645,0.02054794520547945,0.016811955168119553,0.0273972602739726,0.013075965130759652,0.007471980074719801,0.026151930261519303,0.015566625155666251,0.011830635118306352,0.0018679950186799503,0.031133250311332503,0.017434620174346202,0.0224159402241594,0.026151930261519303,0.019925280199252802,0.024283935242839352,0.025529265255292654,0.02054794520547945,0.05292652552926526
VCV001301331.4,0,c.372C>T,substitution,VCV001301331,Likely benign,"criteria provided, multiple submitters, no conflicts",not provided; not specified,5225670,train,ClinVar,0.019302615193026153,0.013075965130759652,0.019925280199252802,0.02303860523038605,0.019302615193026153,0.00933997509339975,0.00311332503113325,0.016811955168119553,0.011830635118306352,0.00684931506849315,0.017434620174346202,0.014321295143212951,0.024283935242839352,0.013075965130759652,0.016811955168119553,0.026151930261519303,0.017434620174346202,0.013075965130759652,0.013075965130759652,0.019302615193026153,0.0112079701120797,0.010585305105853052,0.0012453300124533001,0.019925280199252802,0.0006226650062266501,0.0018679950186799503,0.0006226650062266501,0.00311332503113325,0.016811955168119553,0.014321295143212951,0.028019925280199254,0.0273972602739726,0.011830635118306352,0.008717310087173101,0.009962640099626401,0.011830635118306352,0.016811955168119553,0.010585305105853052,0.0,0.0186799501867995,0.012453300124533,0.014943960149439602,0.015566625155666251,0.016811955168119553,0.008717310087173101,0.00809464508094645,0.02054794520547945,0.016811955168119553,0.0273972602739726,0.013075965130759652,0.007471980074719801,0.026151930261519303,0.015566625155666251,0.012453300124533,0.0018679950186799503,0.031133250311332503,0.017434620174346202,0.0224159402241594,0.026151930261519303,0.019925280199252802,0.024283935242839352,0.025529265255292654,0.02054794520547945,0.05292652552926526
VCV001321374.6,0,c.372C>A,substitution,VCV001321374,Likely benign,"criteria provided, multiple submitters, no conflicts",not provided; not specified,5225670,train,ClinVar,0.019302615193026153,0.013075965130759652,0.019925280199252802,0.02303860523038605,0.019925280199252802,0.009962640099626401,0.00311332503113325,0.0161892901618929,0.011830635118306352,0.00684931506849315,0.017434620174346202,0.014321295143212951,0.024283935242839352,0.013075965130759652,0.016811955168119553,0.026151930261519303,0.017434620174346202,0.0136986301369863,0.013075965130759652,0.019302615193026153,0.0112079701120797,0.010585305105853052,0.0012453300124533001,0.019925280199252802,0.0006226650062266501,0.0018679950186799503,0.0006226650062266501,0.00311332503113325,0.016811955168119553,0.0136986301369863,0.028019925280199254,0.0273972602739726,0.011830635118306352,0.008717310087173101,0.009962640099626401,0.011830635118306352,0.016811955168119553,0.010585305105853052,0.0,0.0186799501867995,0.012453300124533,0.014943960149439602,0.015566625155666251,0.016811955168119553,0.008717310087173101,0.00809464508094645,0.02054794520547945,0.016811955168119553,0.0273972602739726,0.013075965130759652,0.007471980074719801,0.026151930261519303,0.015566625155666251,0.011830635118306352,0.0018679950186799503,0.031133250311332503,0.017434620174346202,0.0224159402241594,0.026151930261519303,0.019925280199252802,0.024283935242839352,0.025529265255292654,0.02054794520547945,0.05292652552926526
VCV002501083.4,0,c.372C>G,substitution,VCV002501083,Likely benign,"criteria provided, multiple submitters, no conflicts",not provided; not specified,5225670,train,ClinVar,0.019302615193026153,0.013075965130759652,0.019925280199252802,0.02303860523038605,0.019302615193026153,0.00933997509339975,0.0037359900373599006,0.0161892901618929,0.011830635118306352,0.00684931506849315,0.017434620174346202,0.014321295143212951,0.024283935242839352,0.013075965130759652,0.016811955168119553,0.026151930261519303,0.017434620174346202,0.013075965130759652,0.013075965130759652,0.019302615193026153,0.0112079701120797,0.010585305105853052,0.0012453300124533001,0.019925280199252802,0.0006226650062266501,0.0024906600249066002,0.0006226650062266501,0.00311332503113325,0.016811955168119553,0.0136986301369863,0.028019925280199254,0.0273972602739726,0.011830635118306352,0.008717310087173101,0.009962640099626401,0.011830635118306352,0.016811955168119553,0.0112079701120797,0.0,0.0186799501867995,0.012453300124533,0.014943960149439602,0.015566625155666251,0.016811955168119553,0.008717310087173101,0.00809464508094645,0.02054794520547945,0.016811955168119553,0.0273972602739726,0.013075965130759652,0.007471980074719801,0.026151930261519303,0.015566625155666251,0.011830635118306352,0.0018679950186799503,0.031133250311332503,0.017434620174346202,0.0224159402241594,0.026151930261519303,0.019925280199252802,0.024283935242839352,0.025529265255292654,0.02054794520547945,0.05292652552926526
VCV000015329.16,0,c.363A>C,substitution,VCV000015329,Benign/Likely benign,"criteria provided, multiple submitters, no conflicts",not provided; not specified,5225679,train,ClinVar,0.0186799501867995,0.0136986301369863,0.019302615193026153,0.02303860523038605,0.019302615193026153,0.009962640099626401,0.0037359900373599006,0.0161892901618929,0.0112079701120797,0.00684931506849315,0.017434620174346202,0.014321295143212951,0.024283935242839352,0.013075965130759652,0.016811955168119553,0.026151930261519303,0.017434620174346202,0.013075965130759652,0.013075965130759652,0.019302615193026153,0.0112079701120797,0.011830635118306352,0.0012453300124533001,0.019925280199252802,0.0012453300124533001,0.0018679950186799503,0.0006226650062266501,0.00311332503113325,0.016811955168119553,0.0136986301369863,0.028019925280199254,0.0273972602739726,0.011830635118306352,0.008717310087173101,0.009962640099626401,0.011830635118306352,0.016811955168119553,0.010585305105853052,0.0,0.0186799501867995,0.012453300124533,0.014943960149439602,0.015566625155666251,0.016811955168119553,0.008717310087173101,0.00809464508094645,0.02054794520547945,0.016811955168119553,0.0273972602739726,0.013075965130759652,0.007471980074719801,0.026151930261519303,0.015566625155666251,0.011830635118306352,0.0018679950186799503,0.031133250311332503,0.017434620174346202,0.0224159402241594,0.026151930261519303,0.019925280199252802,0.024283935242839352,0.025529265255292654,0.02054794520547945,0.05292652552926526
VCV001120940.10,0,c.363A>G,substitution,VCV001120940,Likely benign,"criteria provided, multiple submitters, no conflicts",not provided; not specified,5225679,train,ClinVar,0.0186799501867995,0.013075965130759652,0.019925280199252802,0.02303860523038605,0.019302615193026153,0.009962640099626401,0.00311332503113325,0.0161892901618929,0.0112079701120797,0.00684931506849315,0.01805728518057285,0.014321295143212951,0.024283935242839352,0.013075965130759652,0.016811955168119553,0.026151930261519303,0.017434620174346202,0.013075965130759652,0.013075965130759652,0.019302615193026153,0.0112079701120797,0.011830635118306352,0.0012453300124533001,0.019925280199252802,0.0006226650062266501,0.0018679950186799503,0.0006226650062266501,0.00311332503113325,0.016811955168119553,0.0136986301369863,0.028019925280199254,0.0273972602739726,0.011830635118306352,0.008717310087173101,0.009962640099626401,0.011830635118306352,0.016811955168119553,0.010585305105853052,0.0,0.0186799501867995,0.013075965130759652,0.014943960149439602,0.015566625155666251,0.016811955168119553,0.008717310087173101,0.00809464508094645,0.02054794520547945,0.016811955168119553,0.0273972602739726,0.013075965130759652,0.007471980074719801,0.026151930261519303,0.015566625155666251,0.011830635118306352,0.0018679950186799503,0.031133250311332503,0.017434620174346202,0.0224159402241594,0.026151930261519303,0.019925280199252802,0.024283935242839352,0.025529265255292654,0.02054794520547945,0.05292652552926526
VCV000495997.14,0,c.327C>T,substitution,VCV000495997,Likely benign,"criteria provided, multiple submitters, no conflicts",not provided; not specified,5225715,train,ClinVar,0.019302615193026153,0.012453300124533,0.019925280199252802,0.023661270236612703,0.019302615193026153,0.009962640099626401,0.0024906600249066002,0.0161892901618929,0.011830635118306352,0.00684931506849315,0.017434620174346202,0.014321295143212951,0.024283935242839352,0.013075965130759652,0.017434620174346202,0.026151930261519303,0.017434620174346202,0.013075965130759652,0.013075965130759652,0.019302615193026153,0.0112079701120797,0.011830635118306352,0.0012453300124533001,0.019925280199252802,0.0006226650062266501,0.0018679950186799503,0.0006226650062266501,0.0024906600249066002,0.016811955168119553,0.0136986301369863,0.028019925280199254,0.0273972602739726,0.011830635118306352,0.008717310087173101,0.009962640099626401,0.011830635118306352,0.016811955168119553,0.010585305105853052,0.0,0.0186799501867995,0.012453300124533,0.014943960149439602,0.015566625155666251,0.016811955168119553,0.008717310087173101,0.00809464508094645,0.02054794520547945,0.016811955168119553,0.0273972602739726,0.013075965130759652,0.007471980074719801,0.026151930261519303,0.015566625155666251,0.011830635118306352,0.0018679950186799503,0.031133250311332503,0.017434620174346202,0.0224159402241594,0.026151930261519303,0.02054794520547945,0.024283935242839352,0.025529265255292654,0.02054794520547945,0.05292652552926526
VCV000633253.10,0,NM_000518.5(HBB):c.316-27T>G,substitution,VCV000633253,Likely benign,"criteria provided, multiple submitters, no conflicts",not provided; not specified,5225753,challenge,ClinVar,0.019302615193026153,0.013075965130759652,0.019925280199252802,0.02303860523038605,0.019302615193026153,0.009962640099626401,0.00311332503113325,0.0161892901618929,0.011830635118306352,0.00684931506849315,0.017434620174346202,0.014321295143212951,0.024283935242839352,0.013075965130759652,0.016811955168119553,0.026151930261519303,0.017434620174346202,0.013075965130759652,0.013075965130759652,0.019302615193026153,0.0112079701120797,0.011830635118306352,0.0012453300124533001,0.019925280199252802,0.0006226650062266501,0.0018679950186799503,0.0006226650062266501,0.00311332503113325,0.016811955168119553,0.0136986301369863,0.028019925280199254,0.0273972602739726,0.011830635118306352,0.008717310087173101,0.009962640099626401,0.011830635118306352,0.016811955168119553,0.010585305105853052,0.0,0.0186799501867995,0.012453300124533,0.014943960149439602,0.015566625155666251,0.017434620174346202,0.008717310087173101,0.008717310087173101,0.02054794520547945,0.0161892901618929,0.0273972602739726,0.013075965130759652,0.007471980074719801,0.026151930261519303,0.015566625155666251,0.011830635118306352,0.0018679950186799503,0.031133250311332503,0.017434620174346202,0.0224159402241594,0.026774595267745952,0.019302615193026153,0.024283935242839352,0.024906600249066,0.02054794520547945,0.05292652552926526
VCV000632850.9,0,NM_000518.5(HBB):c.316-28G>C,substitution,VCV000632850,Likely benign,"criteria provided, multiple submitters, no conflicts",not provided; not specified,5225754,train,ClinVar,0.019302615193026153,0.013075965130759652,0.019925280199252802,0.02303860523038605,0.019302615193026153,0.009962640099626401,0.00311332503113325,0.0161892901618929,0.011830635118306352,0.00684931506849315,0.017434620174346202,0.014321295143212951,0.024283935242839352,0.0136986301369863,0.0161892901618929,0.026151930261519303,0.017434620174346202,0.013075965130759652,0.013075965130759652,0.019302615193026153,0.0112079701120797,0.011830635118306352,0.0012453300124533001,0.019925280199252802,0.0006226650062266501,0.0018679950186799503,0.0006226650062266501,0.00311332503113325,0.016811955168119553,0.0136986301369863,0.028019925280199254,0.028019925280199254,0.011830635118306352,0.008717310087173101,0.009962640099626401,0.011830635118306352,0.016811955168119553,0.010585305105853052,0.0,0.0186799501867995,0.012453300124533,0.014943960149439602,0.015566625155666251,0.016811955168119553,0.008717310087173101,0.00809464508094645,0.02054794520547945,0.0161892901618929,0.0273972602739726,0.013075965130759652,0.007471980074719801,0.026151930261519303,0.015566625155666251,0.011830635118306352,0.0018679950186799503,0.031755915317559155,0.017434620174346202,0.0224159402241594,0.026151930261519303,0.019302615193026153,0.024283935242839352,0.025529265255292654,0.02054794520547945,0.05292652552926526
VCV000811029.18,0,NM_000518.5(HBB):c.316-28G>A,substitution,VCV000811029,Likely benign,"criteria provided, multiple submitters, no conflicts",not provided; not specified,5225754,train,ClinVar,0.019302615193026153,0.013075965130759652,0.019925280199252802,0.02303860523038605,0.019302615193026153,0.009962640099626401,0.00311332503113325,0.0161892901618929,0.011830635118306352,0.00684931506849315,0.017434620174346202,0.014321295143212951,0.024906600249066,0.013075965130759652,0.0161892901618929,0.026774595267745952,0.017434620174346202,0.013075965130759652,0.013075965130759652,0.019302615193026153,0.0112079701120797,0.011830635118306352,0.0012453300124533001,0.019925280199252802,0.0006226650062266501,0.0018679950186799503,0.0006226650062266501,0.00311332503113325,0.016811955168119553,0.0136986301369863,0.028019925280199254,0.0273972602739726,0.011830635118306352,0.008717310087173101,0.009962640099626401,0.011830635118306352,0.016811955168119553,0.010585305105853052,0.0,0.0186799501867995,0.012453300124533,0.014943960149439602,0.015566625155666251,0.016811955168119553,0.008717310087173101,0.00809464508094645,0.02054794520547945,0.0161892901618929,0.0273972602739726,0.013075965130759652,0.007471980074719801,0.026774595267745952,0.015566625155666251,0.011830635118306352,0.0018679950186799503,0.031133250311332503,0.017434620174346202,0.0224159402241594,0.026151930261519303,0.019302615193026153,0.024283935242839352,0.025529265255292654,0.02054794520547945,0.05292652552926526
VCV001089508.10,0,NM_000518.5(HBB):c.316-31C>T,substitution,VCV001089508,Likely benign,"criteria provided, multiple submitters, no conflicts",beta Thalassemia; not provided,5225757,train,ClinVar,0.019302615193026153,0.013075965130759652,0.019925280199252802,0.02303860523038605,0.019302615193026153,0.009962640099626401,0.00311332503113325,0.0161892901618929,0.011830635118306352,0.00684931506849315,0.017434620174346202,0.014321295143212951,0.024283935242839352,0.012453300124533,0.016811955168119553,0.026774595267745952,0.017434620174346202,0.013075965130759652,0.013075965130759652,0.0186799501867995,0.0112079701120797,0.011830635118306352,0.0012453300124533001,0.019925280199252802,0.0006226650062266501,0.0018679950186799503,0.0006226650062266501,0.00311332503113325,0.016811955168119553,0.0136986301369863,0.028019925280199254,0.0273972602739726,0.011830635118306352,0.008717310087173101,0.009962640099626401,0.011830635118306352,0.016811955168119553,0.010585305105853052,0.0,0.0186799501867995,0.012453300124533,0.014943960149439602,0.015566625155666251,0.016811955168119553,0.008717310087173101,0.00809464508094645,0.02054794520547945,0.016811955168119553,0.0273972602739726,0.013075965130759652,0.007471980074719801,0.026774595267745952,0.014943960149439602,0.011830635118306352,0.0018679950186799503,0.031133250311332503,0.017434620174346202,0.0224159402241594,0.026151930261519303,0.019925280199252802,0.024906600249066,0.025529265255292654,0.02054794520547945,0.05292652552926526
VCV000036318.83,0,NM_000518.5(HBB):c.316-37G>T,substitution,VCV000036318,Benign/Likely benign,"criteria provided, multiple submitters, no conflicts",not provided; not specified,5225763,train,ClinVar,0.019302615193026153,0.013075965130759652,0.019925280199252802,0.02303860523038605,0.019302615193026153,0.009962640099626401,0.00311332503113325,0.0161892901618929,0.011830635118306352,0.00684931506849315,0.017434620174346202,0.014321295143212951,0.024283935242839352,0.013075965130759652,0.016811955168119553,0.026151930261519303,0.017434620174346202,0.013075965130759652,0.013075965130759652,0.019302615193026153,0.0112079701120797,0.011830635118306352,0.0012453300124533001,0.019925280199252802,0.0006226650062266501,0.0018679950186799503,0.0006226650062266501,0.00311332503113325,0.016811955168119553,0.0136986301369863,0.028019925280199254,0.0273972602739726,0.011830635118306352,0.008717310087173101,0.009962640099626401,0.011830635118306352,0.016811955168119553,0.010585305105853052,0.0,0.01805728518057285,0.012453300124533,0.014943960149439602,0.015566625155666251,0.016811955168119553,0.008717310087173101,0.00809464508094645,0.02054794520547945,0.016811955168119553,0.0273972602739726,0.013075965130759652,0.007471980074719801,0.026151930261519303,0.015566625155666251,0.011830635118306352,0.0018679950186799503,0.031755915317559155,0.017434620174346202,0.021793275217932753,0.026151930261519303,0.019925280199252802,0.024283935242839352,0.026151930261519303,0.019925280199252802,0.053549190535491904
VCV000766099.11,0,NM_000518.5(HBB):c.316-42C>T,substitution,VCV000766099,Likely benign,"criteria provided, multiple submitters, no conflicts",not provided; not specified,5225768,train,ClinVar,0.019302615193026153,0.013075965130759652,0.019925280199252802,0.02303860523038605,0.019302615193026153,0.009962640099626401,0.00311332503113325,0.0161892901618929,0.011830635118306352,0.00684931506849315,0.017434620174346202,0.014321295143212951,0.024283935242839352,0.013075965130759652,0.016811955168119553,0.026151930261519303,0.017434620174346202,0.013075965130759652,0.013075965130759652,0.019302615193026153,0.0112079701120797,0.0112079701120797,0.0012453300124533001,0.019925280199252802,0.0006226650062266501,0.0018679950186799503,0.0006226650062266501,0.00311332503113325,0.016811955168119553,0.0136986301369863,0.028019925280199254,0.0273972602739726,0.011830635118306352,0.008717310087173101,0.009962640099626401,0.011830635118306352,0.016811955168119553,0.010585305105853052,0.0,0.0186799501867995,0.012453300124533,0.014943960149439602,0.015566625155666251,0.016811955168119553,0.008717310087173101,0.00809464508094645,0.02054794520547945,0.016811955168119553,0.0273972602739726,0.013075965130759652,0.007471980074719801,0.026151930261519303,0.015566625155666251,0.011830635118306352,0.0018679950186799503,0.031133250311332503,0.017434620174346202,0.0224159402241594,0.026151930261519303,0.019925280199252802,0.024283935242839352,0.025529265255292654,0.02054794520547945,0.053549190535491904
VCV000495995.21,0,NM_000518.5(HBB):c.316-45G>C,substitution,VCV000495995,Benign/Likely benign,"criteria provided, multiple submitters, no conflicts",not provided; not specified,5225771,train,ClinVar,0.019302615193026153,0.013075965130759652,0.019925280199252802,0.02303860523038605,0.019302615193026153,0.009962640099626401,0.00311332503113325,0.0161892901618929,0.011830635118306352,0.007471980074719801,0.016811955168119553,0.014321295143212951,0.024283935242839352,0.013075965130759652,0.016811955168119553,0.026151930261519303,0.017434620174346202,0.013075965130759652,0.013075965130759652,0.019302615193026153,0.0112079701120797,0.012453300124533,0.0012453300124533001,0.019925280199252802,0.0006226650062266501,0.0018679950186799503,0.0006226650062266501,0.00311332503113325,0.016811955168119553,0.0136986301369863,0.028019925280199254,0.0273972602739726,0.011830635118306352,0.008717310087173101,0.009962640099626401,0.011830635118306352,0.016811955168119553,0.010585305105853052,0.0,0.0186799501867995,0.012453300124533,0.014321295143212951,0.015566625155666251,0.016811955168119553,0.008717310087173101,0.00809464508094645,0.02054794520547945,0.016811955168119553,0.0273972602739726,0.013075965130759652,0.007471980074719801,0.026151930261519303,0.015566625155666251,0.011830635118306352,0.0018679950186799503,0.031133250311332503,0.017434620174346202,0.0224159402241594,0.026151930261519303,0.019925280199252802,0.024283935242839352,0.025529265255292654,0.02054794520547945,0.05292652552926526
VCV002877828.4,0,NM_000518.5(HBB):c.316-51A>C,substitution,VCV002877828,Likely benign,"criteria provided, multiple submitters, no conflicts",not provided; not specified,5225777,train,ClinVar,0.019302615193026153,0.013075965130759652,0.019302615193026153,0.02303860523038605,0.019302615193026153,0.009962640099626401,0.0037359900373599006,0.0161892901618929,0.011830635118306352,0.0062266500622665,0.017434620174346202,0.014321295143212951,0.024283935242839352,0.013075965130759652,0.016811955168119553,0.026151930261519303,0.016811955168119553,0.0136986301369863,0.013075965130759652,0.019302615193026153,0.0112079701120797,0.011830635118306352,0.0012453300124533001,0.019925280199252802,0.0006226650062266501,0.0024906600249066002,0.0006226650062266501,0.00311332503113325,0.016811955168119553,0.0136986301369863,0.028019925280199254,0.0273972602739726,0.011830635118306352,0.008717310087173101,0.009962640099626401,0.011830635118306352,0.016811955168119553,0.010585305105853052,0.0,0.0186799501867995,0.012453300124533,0.014943960149439602,0.015566625155666251,0.016811955168119553,0.008717310087173101,0.00809464508094645,0.02054794520547945,0.016811955168119553,0.0273972602739726,0.013075965130759652,0.007471980074719801,0.026151930261519303,0.015566625155666251,0.011830635118306352,0.0018679950186799503,0.031133250311332503,0.017434620174346202,0.0224159402241594,0.026151930261519303,0.019925280199252802,0.024283935242839352,0.025529265255292654,0.02054794520547945,0.05292652552926526
VCV000036320.26,0,NM_000518.5(HBB):c.316-70C>G,substitution,VCV000036320,Benign/Likely benign,"criteria provided, multiple submitters, no conflicts",not provided; not specified,5225796,train,ClinVar,0.019302615193026153,0.013075965130759652,0.019925280199252802,0.02303860523038605,0.019302615193026153,0.009962640099626401,0.00311332503113325,0.0161892901618929,0.011830635118306352,0.00684931506849315,0.017434620174346202,0.014321295143212951,0.024283935242839352,0.013075965130759652,0.016811955168119553,0.026151930261519303,0.017434620174346202,0.013075965130759652,0.013075965130759652,0.019302615193026153,0.0112079701120797,0.011830635118306352,0.0012453300124533001,0.019925280199252802,0.0006226650062266501,0.0018679950186799503,0.0006226650062266501,0.00311332503113325,0.016811955168119553,0.0136986301369863,0.0273972602739726,0.0273972602739726,0.011830635118306352,0.008717310087173101,0.009962640099626401,0.011830635118306352,0.016811955168119553,0.010585305105853052,0.0,0.01805728518057285,0.012453300124533,0.014321295143212951,0.0161892901618929,0.017434620174346202,0.008717310087173101,0.00809464508094645,0.021170610211706103,0.016811955168119553,0.0273972602739726,0.013075965130759652,0.007471980074719801,0.026151930261519303,0.015566625155666251,0.011830635118306352,0.0018679950186799503,0.031133250311332503,0.017434620174346202,0.0224159402241594,0.026151930261519303,0.019925280199252802,0.024283935242839352,0.025529265255292654,0.02054794520547945,0.05292652552926526
VCV000929231.9,0,NM_000518.5(HBB):c.316-81T>A,substitution,VCV000929231,Likely benign,"criteria provided, multiple submitters, no conflicts",not provided; not specified,5225807,train,ClinVar,0.019302615193026153,0.013075965130759652,0.019925280199252802,0.02303860523038605,0.019302615193026153,0.009962640099626401,0.00311332503113325,0.0161892901618929,0.011830635118306352,0.00684931506849315,0.017434620174346202,0.014321295143212951,0.024283935242839352,0.013075965130759652,0.017434620174346202,0.026151930261519303,0.017434620174346202,0.013075965130759652,0.013075965130759652,0.019302615193026153,0.0112079701120797,0.011830635118306352,0.0012453300124533001,0.019925280199252802,0.0006226650062266501,0.0018679950186799503,0.0006226650062266501,0.00311332503113325,0.016811955168119553,0.0136986301369863,0.028019925280199254,0.0273972602739726,0.011830635118306352,0.008717310087173101,0.009962640099626401,0.012453300124533,0.016811955168119553,0.010585305105853052,0.0,0.0186799501867995,0.013075965130759652,0.014943960149439602,0.015566625155666251,0.0161892901618929,0.008717310087173101,0.00809464508094645,0.02054794520547945,0.0161892901618929,0.0273972602739726,0.013075965130759652,0.007471980074719801,0.026151930261519303,0.015566625155666251,0.011830635118306352,0.0018679950186799503,0.031133250311332503,0.017434620174346202,0.0224159402241594,0.026151930261519303,0.019925280199252802,0.024283935242839352,0.025529265255292654,0.019925280199252802,0.05292652552926526
VCV000994010.20,0,NM_000518.5(HBB):c.316-90A>G,substitution,VCV000994010,Likely benign,"criteria provided, multiple submitters, no conflicts",not provided; not specified,5225816,train,ClinVar,0.019302615193026153,0.013075965130759652,0.019925280199252802,0.02303860523038605,0.019302615193026153,0.009962640099626401,0.00311332503113325,0.0161892901618929,0.011830635118306352,0.00684931506849315,0.017434620174346202,0.014321295143212951,0.024283935242839352,0.013075965130759652,0.016811955168119553,0.025529265255292654,0.017434620174346202,0.013075965130759652,0.013075965130759652,0.019302615193026153,0.0112079701120797,0.011830635118306352,0.0012453300124533001,0.019925280199252802,0.0006226650062266501,0.0018679950186799503,0.0006226650062266501,0.00311332503113325,0.016811955168119553,0.0136986301369863,0.028019925280199254,0.0273972602739726,0.011830635118306352,0.008717310087173101,0.009962640099626401,0.011830635118306352,0.016811955168119553,0.010585305105853052,0.0,0.0186799501867995,0.012453300124533,0.014943960149439602,0.015566625155666251,0.016811955168119553,0.008717310087173101,0.00809464508094645,0.02054794520547945,0.017434620174346202,0.0273972602739726,0.013075965130759652,0.007471980074719801,0.025529265255292654,0.015566625155666251,0.011830635118306352,0.0018679950186799503,0.031133250311332503,0.017434620174346202,0.0224159402241594,0.026151930261519303,0.02054794520547945,0.023661270236612703,0.025529265255292654,0.021170610211706103,0.05292652552926526
VCV000633255.10,0,NM_000518.5(HBB):c.316-96G>A,substitution,VCV000633255,Likely benign,"criteria provided, multiple submitters, no conflicts",not provided; not specified,5225822,challenge,ClinVar,0.019302615193026153,0.013075965130759652,0.019925280199252802,0.02303860523038605,0.019302615193026153,0.009962640099626401,0.00311332503113325,0.016811955168119553,0.011830635118306352,0.00684931506849315,0.017434620174346202,0.014321295143212951,0.024283935242839352,0.013075965130759652,0.016811955168119553,0.026151930261519303,0.017434620174346202,0.013075965130759652,0.013075965130759652,0.019302615193026153,0.0112079701120797,0.011830635118306352,0.0012453300124533001,0.019925280199252802,0.0006226650062266501,0.0018679950186799503,0.0006226650062266501,0.00311332503113325,0.017434620174346202,0.0136986301369863,0.0273972602739726,0.0273972602739726,0.011830635118306352,0.008717310087173101,0.009962640099626401,0.011830635118306352,0.016811955168119553,0.010585305105853052,0.0,0.01805728518057285,0.012453300124533,0.014943960149439602,0.015566625155666251,0.016811955168119553,0.008717310087173101,0.00809464508094645,0.02054794520547945,0.016811955168119553,0.0273972602739726,0.0136986301369863,0.007471980074719801,0.026151930261519303,0.015566625155666251,0.011830635118306352,0.0018679950186799503,0.031133250311332503,0.017434620174346202,0.021793275217932753,0.026151930261519303,0.019925280199252802,0.024283935242839352,0.025529265255292654,0.02054794520547945,0.05292652552926526
VCV001115280.12,0,NM_000518.5(HBB):c.316-99T>G,substitution,VCV001115280,Likely benign,"criteria provided, multiple submitters, no conflicts",not provided; not specified,5225825,train,ClinVar,0.019302615193026153,0.013075965130759652,0.019925280199252802,0.02303860523038605,0.019302615193026153,0.009962640099626401,0.00311332503113325,0.0161892901618929,0.011830635118306352,0.00684931506849315,0.017434620174346202,0.014321295143212951,0.024283935242839352,0.013075965130759652,0.017434620174346202,0.025529265255292654,0.017434620174346202,0.013075965130759652,0.013075965130759652,0.019302615193026153,0.0112079701120797,0.011830635118306352,0.0012453300124533001,0.019925280199252802,0.0006226650062266501,0.0018679950186799503,0.0006226650062266501,0.00311332503113325,0.016811955168119553,0.0136986301369863,0.028019925280199254,0.0273972602739726,0.011830635118306352,0.008717310087173101,0.009962640099626401,0.011830635118306352,0.016811955168119553,0.010585305105853052,0.0,0.019302615193026153,0.012453300124533,0.014943960149439602,0.015566625155666251,0.016811955168119553,0.008717310087173101,0.00809464508094645,0.02054794520547945,0.016811955168119553,0.0273972602739726,0.013075965130759652,0.007471980074719801,0.026151930261519303,0.015566625155666251,0.011830635118306352,0.0018679950186799503,0.030510585305105854,0.017434620174346202,0.02303860523038605,0.026151930261519303,0.019925280199252802,0.024283935242839352,0.024906600249066,0.02054794520547945,0.05292652552926526
VCV000633261.11,0,NM_000518.5(HBB):c.316-102C>A,substitution,VCV000633261,Likely benign,"criteria provided, multiple submitters, no conflicts",not provided; not specified,5225828,train,ClinVar,0.019302615193026153,0.013075965130759652,0.019925280199252802,0.023661270236612703,0.019925280199252802,0.00933997509339975,0.00311332503113325,0.0161892901618929,0.011830635118306352,0.00684931506849315,0.017434620174346202,0.014321295143212951,0.024283935242839352,0.013075965130759652,0.016811955168119553,0.026151930261519303,0.01805728518057285,0.013075965130759652,0.013075965130759652,0.0186799501867995,0.010585305105853052,0.011830635118306352,0.0012453300124533001,0.019925280199252802,0.0006226650062266501,0.0018679950186799503,0.0006226650062266501,0.00311332503113325,0.016811955168119553,0.0136986301369863,0.028019925280199254,0.0273972602739726,0.011830635118306352,0.008717310087173101,0.009962640099626401,0.011830635118306352,0.016811955168119553,0.010585305105853052,0.0,0.0186799501867995,0.012453300124533,0.014943960149439602,0.015566625155666251,0.016811955168119553,0.008717310087173101,0.00809464508094645,0.02054794520547945,0.016811955168119553,0.0273972602739726,0.013075965130759652,0.007471980074719801,0.026151930261519303,0.015566625155666251,0.011830635118306352,0.0018679950186799503,0.031133250311332503,0.017434620174346202,0.0224159402241594,0.026151930261519303,0.019925280199252802,0.024283935242839352,0.025529265255292654,0.02054794520547945,0.05292652552926526
VCV000495987.12,0,NM_000518.5(HBB):c.316-109C>T,substitution,VCV000495987,Likely benign,"criteria provided, multiple submitters, no conflicts",not provided; not specified,5225835,train,ClinVar,0.019302615193026153,0.013075965130759652,0.019925280199252802,0.02303860523038605,0.019302615193026153,0.009962640099626401,0.00311332503113325,0.0161892901618929,0.011830635118306352,0.00684931506849315,0.017434620174346202,0.014321295143212951,0.024283935242839352,0.013075965130759652,0.016811955168119553,0.026151930261519303,0.017434620174346202,0.013075965130759652,0.012453300124533,0.019302615193026153,0.010585305105853052,0.011830635118306352,0.0012453300124533001,0.019925280199252802,0.0006226650062266501,0.0018679950186799503,0.0006226650062266501,0.00311332503113325,0.017434620174346202,0.0136986301369863,0.028019925280199254,0.0273972602739726,0.011830635118306352,0.008717310087173101,0.009962640099626401,0.011830635118306352,0.016811955168119553,0.010585305105853052,0.0,0.0186799501867995,0.012453300124533,0.014943960149439602,0.015566625155666251,0.016811955168119553,0.008717310087173101,0.00809464508094645,0.02054794520547945,0.016811955168119553,0.0273972602739726,0.013075965130759652,0.00809464508094645,0.026151930261519303,0.015566625155666251,0.0112079701120797,0.0018679950186799503,0.031755915317559155,0.017434620174346202,0.0224159402241594,0.026151930261519303,0.019925280199252802,0.024283935242839352,0.025529265255292654,0.02054794520547945,0.05292652552926526
VCV001146323.9,0,NM_000518.5(HBB):c.316-112A>G,substitution,VCV001146323,Likely benign,"criteria provided, multiple submitters, no conflicts",not provided; not specified,5225838,train,ClinVar,0.019302615193026153,0.013075965130759652,0.019925280199252802,0.0224159402241594,0.019302615193026153,0.009962640099626401,0.00311332503113325,0.0161892901618929,0.011830635118306352,0.00684931506849315,0.017434620174346202,0.014943960149439602,0.024283935242839352,0.012453300124533,0.016811955168119553,0.026151930261519303,0.016811955168119553,0.013075965130759652,0.0136986301369863,0.019302615193026153,0.0112079701120797,0.011830635118306352,0.0012453300124533001,0.019925280199252802,0.0006226650062266501,0.0018679950186799503,0.0006226650062266501,0.00311332503113325,0.016811955168119553,0.0136986301369863,0.028019925280199254,0.0273972602739726,0.011830635118306352,0.008717310087173101,0.009962640099626401,0.011830635118306352,0.016811955168119553,0.010585305105853052,0.0,0.0186799501867995,0.012453300124533,0.014943960149439602,0.015566625155666251,0.016811955168119553,0.008717310087173101,0.008717310087173101,0.02054794520547945,0.016811955168119553,0.0273972602739726,0.013075965130759652,0.007471980074719801,0.026151930261519303,0.015566625155666251,0.011830635118306352,0.0018679950186799503,0.031133250311332503,0.017434620174346202,0.0224159402241594,0.026151930261519303,0.019925280199252802,0.024283935242839352,0.025529265255292654,0.02054794520547945,0.05292652552926526
VCV000495988.12,0,NM_000518.5(HBB):c.316-114C>T,substitution,VCV000495988,Likely benign,"criteria provided, multiple submitters, no conflicts",not provided; not specified,5225840,train,ClinVar,0.019302615193026153,0.013075965130759652,0.019925280199252802,0.02303860523038605,0.0186799501867995,0.009962640099626401,0.00311332503113325,0.0161892901618929,0.011830635118306352,0.00684931506849315,0.017434620174346202,0.014321295143212951,0.024906600249066,0.013075965130759652,0.016811955168119553,0.026151930261519303,0.016811955168119553,0.013075965130759652,0.013075965130759652,0.019302615193026153,0.0112079701120797,0.011830635118306352,0.0012453300124533001,0.019925280199252802,0.0006226650062266501,0.0018679950186799503,0.0006226650062266501,0.00311332503113325,0.016811955168119553,0.0136986301369863,0.028019925280199254,0.0273972602739726,0.011830635118306352,0.008717310087173101,0.009962640099626401,0.011830635118306352,0.016811955168119553,0.010585305105853052,0.0,0.0186799501867995,0.012453300124533,0.014943960149439602,0.015566625155666251,0.016811955168119553,0.008717310087173101,0.00809464508094645,0.02054794520547945,0.016811955168119553,0.028019925280199254,0.012453300124533,0.007471980074719801,0.026774595267745952,0.015566625155666251,0.011830635118306352,0.0018679950186799503,0.031133250311332503,0.017434620174346202,0.0224159402241594,0.026151930261519303,0.019925280199252802,0.024283935242839352,0.025529265255292654,0.02054794520547945,0.05292652552926526
VCV000632849.20,0,NM_000518.5(HBB):c.316-114C>A,substitution,VCV000632849,Likely benign,"criteria provided, multiple submitters, no conflicts",not provided; not specified,5225840,train,ClinVar,0.02054794520547945,0.013075965130759652,0.019925280199252802,0.02303860523038605,0.0186799501867995,0.009962640099626401,0.00311332503113325,0.0161892901618929,0.011830635118306352,0.00684931506849315,0.017434620174346202,0.014321295143212951,0.024283935242839352,0.013075965130759652,0.016811955168119553,0.026151930261519303,0.016811955168119553,0.013075965130759652,0.013075965130759652,0.019302615193026153,0.0112079701120797,0.011830635118306352,0.0012453300124533001,0.019925280199252802,0.0006226650062266501,0.0018679950186799503,0.0006226650062266501,0.00311332503113325,0.016811955168119553,0.0136986301369863,0.028019925280199254,0.0273972602739726,0.011830635118306352,0.008717310087173101,0.009962640099626401,0.011830635118306352,0.016811955168119553,0.010585305105853052,0.0,0.0186799501867995,0.012453300124533,0.014943960149439602,0.015566625155666251,0.016811955168119553,0.008717310087173101,0.00809464508094645,0.02054794520547945,0.016811955168119553,0.028019925280199254,0.012453300124533,0.007471980074719801,0.026151930261519303,0.015566625155666251,0.011830635118306352,0.0018679950186799503,0.031133250311332503,0.017434620174346202,0.0224159402241594,0.026151930261519303,0.019925280199252802,0.024283935242839352,0.025529265255292654,0.02054794520547945,0.05292652552926526
VCV000495990.11,0,NM_000518.5(HBB):c.316-130T>C,substitution,VCV000495990,Likely benign,"criteria provided, multiple submitters, no conflicts",not provided; not specified,5225856,train,ClinVar,0.019302615193026153,0.013075965130759652,0.019925280199252802,0.02303860523038605,0.019302615193026153,0.009962640099626401,0.00311332503113325,0.016811955168119553,0.011830635118306352,0.00684931506849315,0.017434620174346202,0.014321295143212951,0.024283935242839352,0.013075965130759652,0.016811955168119553,0.025529265255292654,0.017434620174346202,0.013075965130759652,0.013075965130759652,0.019302615193026153,0.0112079701120797,0.011830635118306352,0.0012453300124533001,0.019925280199252802,0.0006226650062266501,0.0018679950186799503,0.0006226650062266501,0.00311332503113325,0.016811955168119553,0.0136986301369863,0.028642590286425903,0.0273972602739726,0.011830635118306352,0.008717310087173101,0.009962640099626401,0.011830635118306352,0.016811955168119553,0.010585305105853052,0.0,0.0186799501867995,0.012453300124533,0.014943960149439602,0.015566625155666251,0.016811955168119553,0.008717310087173101,0.00809464508094645,0.02054794520547945,0.016811955168119553,0.0273972602739726,0.0136986301369863,0.007471980074719801,0.025529265255292654,0.015566625155666251,0.011830635118306352,0.0018679950186799503,0.031133250311332503,0.017434620174346202,0.0224159402241594,0.026151930261519303,0.019925280199252802,0.024283935242839352,0.025529265255292654,0.019925280199252802,0.05292652552926526
VCV000495991.14,0,NM_000518.5(HBB):c.316-138G>A,substitution,VCV000495991,Likely benign,"criteria provided, multiple submitters, no conflicts",not provided; not specified,5225864,train,ClinVar,0.019302615193026153,0.013075965130759652,0.019925280199252802,0.02303860523038605,0.019302615193026153,0.009962640099626401,0.00311332503113325,0.0161892901618929,0.012453300124533,0.00684931506849315,0.016811955168119553,0.014321295143212951,0.024283935242839352,0.013075965130759652,0.016811955168119553,0.026774595267745952,0.017434620174346202,0.013075965130759652,0.013075965130759652,0.019302615193026153,0.0112079701120797,0.011830635118306352,0.0012453300124533001,0.019925280199252802,0.0006226650062266501,0.0018679950186799503,0.0006226650062266501,0.00311332503113325,0.016811955168119553,0.0136986301369863,0.028019925280199254,0.0273972602739726,0.011830635118306352,0.008717310087173101,0.009962640099626401,0.012453300124533,0.016811955168119553,0.010585305105853052,0.0,0.0186799501867995,0.012453300124533,0.014943960149439602,0.015566625155666251,0.0161892901618929,0.008717310087173101,0.00809464508094645,0.02054794520547945,0.0161892901618929,0.0273972602739726,0.013075965130759652,0.007471980074719801,0.026151930261519303,0.015566625155666251,0.011830635118306352,0.0018679950186799503,0.031133250311332503,0.017434620174346202,0.0224159402241594,0.026151930261519303,0.019925280199252802,0.024283935242839352,0.025529265255292654,0.02054794520547945,0.05292652552926526
VCV001579049.9,0,NM_000518.5(HBB):c.316-143A>G,substitution,VCV001579049,Likely benign,"criteria provided, multiple submitters, no conflicts",beta Thalassemia; not provided,5225869,train,ClinVar,0.019302615193026153,0.013075965130759652,0.019302615193026153,0.02303860523038605,0.019302615193026153,0.009962640099626401,0.00311332503113325,0.0161892901618929,0.011830635118306352,0.00684931506849315,0.017434620174346202,0.014321295143212951,0.024283935242839352,0.013075965130759652,0.016811955168119553,0.026151930261519303,0.017434620174346202,0.013075965130759652,0.013075965130759652,0.019302615193026153,0.0112079701120797,0.011830635118306352,0.0012453300124533001,0.019925280199252802,0.0006226650062266501,0.0018679950186799503,0.0006226650062266501,0.00311332503113325,0.016811955168119553,0.0136986301369863,0.028019925280199254,0.0273972602739726,0.011830635118306352,0.008717310087173101,0.010585305105853052,0.011830635118306352,0.016811955168119553,0.010585305105853052,0.0,0.0186799501867995,0.012453300124533,0.014943960149439602,0.015566625155666251,0.016811955168119553,0.00809464508094645,0.00809464508094645,0.021170610211706103,0.016811955168119553,0.026774595267745952,0.013075965130759652,0.007471980074719801,0.026151930261519303,0.015566625155666251,0.011830635118306352,0.0018679950186799503,0.031133250311332503,0.01805728518057285,0.0224159402241594,0.026151930261519303,0.019925280199252802,0.024283935242839352,0.025529265255292654,0.02054794520547945,0.05292652552926526
VCV000632848.10,0,NM_000518.5(HBB):c.316-145G>A,substitution,VCV000632848,Likely benign,"criteria provided, multiple submitters, no conflicts",not provided; not specified,5225871,train,ClinVar,0.019302615193026153,0.013075965130759652,0.019925280199252802,0.02303860523038605,0.019302615193026153,0.009962640099626401,0.00311332503113325,0.0161892901618929,0.011830635118306352,0.00684931506849315,0.017434620174346202,0.014321295143212951,0.025529265255292654,0.013075965130759652,0.0161892901618929,0.026151930261519303,0.017434620174346202,0.013075965130759652,0.013075965130759652,0.019302615193026153,0.0112079701120797,0.011830635118306352,0.0012453300124533001,0.019925280199252802,0.0006226650062266501,0.0018679950186799503,0.0006226650062266501,0.00311332503113325,0.016811955168119553,0.0136986301369863,0.028019925280199254,0.0273972602739726,0.011830635118306352,0.008717310087173101,0.009962640099626401,0.011830635118306352,0.016811955168119553,0.010585305105853052,0.0,0.0186799501867995,0.012453300124533,0.014943960149439602,0.015566625155666251,0.016811955168119553,0.00809464508094645,0.00809464508094645,0.02054794520547945,0.016811955168119553,0.0273972602739726,0.013075965130759652,0.007471980074719801,0.026774595267745952,0.015566625155666251,0.011830635118306352,0.0018679950186799503,0.031133250311332503,0.017434620174346202,0.0224159402241594,0.026151930261519303,0.019302615193026153,0.024283935242839352,0.025529265255292654,0.02054794520547945,0.05292652552926526
VCV000256346.9,0,NM_000518.5(HBB):c.316-146T>C,substitution,VCV000256346,Likely benign,"criteria provided, multiple submitters, no conflicts",not provided; not specified,5225872,challenge,ClinVar,0.019302615193026153,0.013075965130759652,0.019925280199252802,0.02303860523038605,0.019302615193026153,0.009962640099626401,0.0037359900373599006,0.0161892901618929,0.011830635118306352,0.00684931506849315,0.017434620174346202,0.014321295143212951,0.024283935242839352,0.013075965130759652,0.0161892901618929,0.026151930261519303,0.017434620174346202,0.013075965130759652,0.013075965130759652,0.019302615193026153,0.0112079701120797,0.011830635118306352,0.0012453300124533001,0.019925280199252802,0.0006226650062266501,0.0018679950186799503,0.0006226650062266501,0.0037359900373599006,0.016811955168119553,0.0136986301369863,0.028019925280199254,0.0273972602739726,0.011830635118306352,0.00933997509339975,0.009962640099626401,0.0112079701120797,0.016811955168119553,0.010585305105853052,0.0,0.0186799501867995,0.012453300124533,0.014943960149439602,0.015566625155666251,0.016811955168119553,0.008717310087173101,0.00809464508094645,0.02054794520547945,0.016811955168119553,0.0273972602739726,0.013075965130759652,0.007471980074719801,0.026151930261519303,0.015566625155666251,0.011830635118306352,0.0018679950186799503,0.031133250311332503,0.017434620174346202,0.0224159402241594,0.026151930261519303,0.019302615193026153,0.024283935242839352,0.025529265255292654,0.02054794520547945,0.05292652552926526
VCV001611236.9,0,NM_000518.5(HBB):c.316-162T>C,substitution,VCV001611236,Likely benign,"criteria provided, multiple submitters, no conflicts",not provided; not specified,5225888,train,ClinVar,0.019302615193026153,0.013075965130759652,0.019925280199252802,0.02303860523038605,0.019925280199252802,0.009962640099626401,0.00311332503113325,0.0161892901618929,0.011830635118306352,0.00684931506849315,0.017434620174346202,0.014321295143212951,0.023661270236612703,0.013075965130759652,0.016811955168119553,0.026151930261519303,0.017434620174346202,0.0136986301369863,0.013075965130759652,0.019302615193026153,0.0112079701120797,0.011830635118306352,0.0012453300124533001,0.019925280199252802,0.0006226650062266501,0.0018679950186799503,0.0006226650062266501,0.00311332503113325,0.016811955168119553,0.0136986301369863,0.028019925280199254,0.0273972602739726,0.011830635118306352,0.008717310087173101,0.009962640099626401,0.011830635118306352,0.016811955168119553,0.010585305105853052,0.0,0.0186799501867995,0.012453300124533,0.014943960149439602,0.015566625155666251,0.016811955168119553,0.008717310087173101,0.00809464508094645,0.02054794520547945,0.016811955168119553,0.0273972602739726,0.013075965130759652,0.007471980074719801,0.025529265255292654,0.015566625155666251,0.011830635118306352,0.0018679950186799503,0.031133250311332503,0.017434620174346202,0.0224159402241594,0.026151930261519303,0.019925280199252802,0.024283935242839352,0.025529265255292654,0.02054794520547945,0.05292652552926526
VCV001537687.9,0,NM_000518.5(HBB):c.316-172T>C,substitution,VCV001537687,Likely benign,"criteria provided, multiple submitters, no conflicts",not provided; not specified,5225898,train,ClinVar,0.019302615193026153,0.0136986301369863,0.019925280199252802,0.0224159402241594,0.019925280199252802,0.009962640099626401,0.00311332503113325,0.0161892901618929,0.011830635118306352,0.00684931506849315,0.017434620174346202,0.014321295143212951,0.023661270236612703,0.013075965130759652,0.016811955168119553,0.026151930261519303,0.017434620174346202,0.013075965130759652,0.013075965130759652,0.019925280199252802,0.0112079701120797,0.011830635118306352,0.0012453300124533001,0.019925280199252802,0.0006226650062266501,0.0018679950186799503,0.0006226650062266501,0.00311332503113325,0.016811955168119553,0.0136986301369863,0.028019925280199254,0.0273972602739726,0.011830635118306352,0.008717310087173101,0.009962640099626401,0.011830635118306352,0.016811955168119553,0.010585305105853052,0.0,0.0186799501867995,0.012453300124533,0.014943960149439602,0.015566625155666251,0.016811955168119553,0.008717310087173101,0.00809464508094645,0.02054794520547945,0.016811955168119553,0.0273972602739726,0.013075965130759652,0.007471980074719801,0.025529265255292654,0.015566625155666251,0.011830635118306352,0.0018679950186799503,0.031133250311332503,0.017434620174346202,0.0224159402241594,0.026151930261519303,0.019925280199252802,0.024283935242839352,0.025529265255292654,0.02054794520547945,0.05292652552926526
VCV003638132.3,0,NM_000518.5(HBB):c.316-180C>A,substitution,VCV003638132,Likely benign,"criteria provided, multiple submitters, no conflicts",not provided; not specified,5225906,challenge,ClinVar,0.019302615193026153,0.013075965130759652,0.019925280199252802,0.023661270236612703,0.019302615193026153,0.009962640099626401,0.00311332503113325,0.0161892901618929,0.011830635118306352,0.00684931506849315,0.017434620174346202,0.014321295143212951,0.024283935242839352,0.013075965130759652,0.016811955168119553,0.026151930261519303,0.017434620174346202,0.013075965130759652,0.013075965130759652,0.0186799501867995,0.0112079701120797,0.011830635118306352,0.0012453300124533001,0.019925280199252802,0.0006226650062266501,0.0018679950186799503,0.0006226650062266501,0.00311332503113325,0.016811955168119553,0.0136986301369863,0.028019925280199254,0.0273972602739726,0.012453300124533,0.008717310087173101,0.009962640099626401,0.011830635118306352,0.0161892901618929,0.010585305105853052,0.0,0.0186799501867995,0.012453300124533,0.014943960149439602,0.015566625155666251,0.016811955168119553,0.008717310087173101,0.00809464508094645,0.02054794520547945,0.016811955168119553,0.0273972602739726,0.013075965130759652,0.007471980074719801,0.026151930261519303,0.015566625155666251,0.011830635118306352,0.0018679950186799503,0.031133250311332503,0.01805728518057285,0.021793275217932753,0.026151930261519303,0.019925280199252802,0.024283935242839352,0.025529265255292654,0.02054794520547945,0.05292652552926526
VCV000036315.17,0,NM_000518.5(HBB):c.316-184T>C,substitution,VCV000036315,Likely benign,"criteria provided, multiple submitters, no conflicts",not provided; not specified,5225910,challenge,ClinVar,0.019302615193026153,0.013075965130759652,0.019925280199252802,0.02303860523038605,0.019302615193026153,0.009962640099626401,0.00311332503113325,0.0161892901618929,0.011830635118306352,0.00684931506849315,0.017434620174346202,0.014321295143212951,0.024283935242839352,0.013075965130759652,0.016811955168119553,0.026151930261519303,0.017434620174346202,0.013075965130759652,0.013075965130759652,0.019302615193026153,0.0112079701120797,0.012453300124533,0.0012453300124533001,0.02054794520547945,0.0006226650062266501,0.0018679950186799503,0.0006226650062266501,0.00311332503113325,0.016811955168119553,0.013075965130759652,0.028019925280199254,0.0273972602739726,0.011830635118306352,0.008717310087173101,0.009962640099626401,0.011830635118306352,0.016811955168119553,0.010585305105853052,0.0,0.0186799501867995,0.012453300124533,0.014943960149439602,0.015566625155666251,0.016811955168119553,0.008717310087173101,0.00809464508094645,0.02054794520547945,0.016811955168119553,0.0273972602739726,0.013075965130759652,0.007471980074719801,0.026151930261519303,0.015566625155666251,0.012453300124533,0.0018679950186799503,0.029887920298879204,0.017434620174346202,0.0224159402241594,0.026151930261519303,0.019925280199252802,0.024283935242839352,0.025529265255292654,0.02054794520547945,0.05292652552926526
VCV000036316.28,0,NM_000518.5(HBB):c.316-185C>T,substitution,VCV000036316,Benign,reviewed by expert panel,Beta-thalassemia HBB/LCRB,5225911,train,ClinVar,0.019302615193026153,0.013075965130759652,0.019925280199252802,0.02303860523038605,0.019302615193026153,0.009962640099626401,0.00311332503113325,0.0161892901618929,0.011830635118306352,0.00684931506849315,0.017434620174346202,0.014321295143212951,0.024283935242839352,0.012453300124533,0.016811955168119553,0.026774595267745952,0.017434620174346202,0.013075965130759652,0.013075965130759652,0.019302615193026153,0.0112079701120797,0.011830635118306352,0.0012453300124533001,0.019925280199252802,0.0006226650062266501,0.0018679950186799503,0.0006226650062266501,0.00311332503113325,0.016811955168119553,0.013075965130759652,0.028019925280199254,0.0273972602739726,0.011830635118306352,0.008717310087173101,0.009962640099626401,0.011830635118306352,0.016811955168119553,0.010585305105853052,0.0,0.0186799501867995,0.012453300124533,0.014943960149439602,0.015566625155666251,0.016811955168119553,0.008717310087173101,0.00809464508094645,0.02054794520547945,0.016811955168119553,0.0273972602739726,0.013075965130759652,0.007471980074719801,0.026151930261519303,0.015566625155666251,0.011830635118306352,0.0018679950186799503,0.030510585305105854,0.017434620174346202,0.0224159402241594,0.026151930261519303,0.019925280199252802,0.024283935242839352,0.026151930261519303,0.02054794520547945,0.053549190535491904
VCV001563014.10,0,NM_000518.5(HBB):c.316-193A>G,substitution,VCV001563014,Likely benign,"criteria provided, multiple submitters, no conflicts",not provided; not specified,5225919,train,ClinVar,0.019302615193026153,0.013075965130759652,0.019925280199252802,0.02303860523038605,0.019302615193026153,0.009962640099626401,0.00311332503113325,0.0161892901618929,0.011830635118306352,0.0062266500622665,0.017434620174346202,0.014321295143212951,0.023661270236612703,0.013075965130759652,0.017434620174346202,0.026151930261519303,0.017434620174346202,0.013075965130759652,0.013075965130759652,0.019302615193026153,0.0112079701120797,0.011830635118306352,0.0012453300124533001,0.019925280199252802,0.0006226650062266501,0.0018679950186799503,0.0006226650062266501,0.00311332503113325,0.016811955168119553,0.0136986301369863,0.028019925280199254,0.0273972602739726,0.011830635118306352,0.008717310087173101,0.009962640099626401,0.011830635118306352,0.016811955168119553,0.010585305105853052,0.0,0.0186799501867995,0.012453300124533,0.015566625155666251,0.015566625155666251,0.016811955168119553,0.008717310087173101,0.00809464508094645,0.02054794520547945,0.016811955168119553,0.0273972602739726,0.013075965130759652,0.00684931506849315,0.026151930261519303,0.015566625155666251,0.011830635118306352,0.0018679950186799503,0.031133250311332503,0.017434620174346202,0.0224159402241594,0.026774595267745952,0.019925280199252802,0.024283935242839352,0.025529265255292654,0.02054794520547945,0.05292652552926526
VCV000256347.28,0,NM_000518.5(HBB):c.316-238C>T,substitution,VCV000256347,Benign/Likely benign,"criteria provided, multiple submitters, no conflicts",not provided; not specified,5225964,train,ClinVar,0.019302615193026153,0.013075965130759652,0.019925280199252802,0.02303860523038605,0.019302615193026153,0.009962640099626401,0.00311332503113325,0.0161892901618929,0.011830635118306352,0.00684931506849315,0.017434620174346202,0.014321295143212951,0.024283935242839352,0.013075965130759652,0.016811955168119553,0.026151930261519303,0.017434620174346202,0.012453300124533,0.013075965130759652,0.019302615193026153,0.0112079701120797,0.011830635118306352,0.0012453300124533001,0.019925280199252802,0.0006226650062266501,0.0018679950186799503,0.0006226650062266501,0.00311332503113325,0.016811955168119553,0.0136986301369863,0.028019925280199254,0.0273972602739726,0.011830635118306352,0.008717310087173101,0.009962640099626401,0.011830635118306352,0.0161892901618929,0.010585305105853052,0.0,0.0186799501867995,0.012453300124533,0.014943960149439602,0.015566625155666251,0.016811955168119553,0.00933997509339975,0.00809464508094645,0.02054794520547945,0.016811955168119553,0.0273972602739726,0.0136986301369863,0.007471980074719801,0.026151930261519303,0.015566625155666251,0.011830635118306352,0.0018679950186799503,0.031133250311332503,0.017434620174346202,0.021793275217932753,0.026151930261519303,0.02054794520547945,0.024283935242839352,0.025529265255292654,0.02054794520547945,0.05292652552926526
VCV001140992.10,0,NM_000518.5(HBB):c.316-239G>C,substitution,VCV001140992,Likely benign,"criteria provided, multiple submitters, no conflicts",not provided,5225965,challenge,ClinVar,0.019302615193026153,0.013075965130759652,0.019925280199252802,0.02303860523038605,0.019302615193026153,0.009962640099626401,0.00311332503113325,0.0161892901618929,0.011830635118306352,0.00684931506849315,0.017434620174346202,0.014321295143212951,0.024283935242839352,0.013075965130759652,0.016811955168119553,0.026151930261519303,0.017434620174346202,0.013075965130759652,0.013075965130759652,0.019302615193026153,0.011830635118306352,0.011830635118306352,0.0012453300124533001,0.019925280199252802,0.0006226650062266501,0.0018679950186799503,0.0006226650062266501,0.00311332503113325,0.016811955168119553,0.0136986301369863,0.028019925280199254,0.0273972602739726,0.011830635118306352,0.008717310087173101,0.009962640099626401,0.011830635118306352,0.0161892901618929,0.010585305105853052,0.0,0.0186799501867995,0.012453300124533,0.014943960149439602,0.015566625155666251,0.016811955168119553,0.008717310087173101,0.00809464508094645,0.02054794520547945,0.016811955168119553,0.0273972602739726,0.013075965130759652,0.007471980074719801,0.026151930261519303,0.015566625155666251,0.012453300124533,0.0018679950186799503,0.031133250311332503,0.017434620174346202,0.021793275217932753,0.026151930261519303,0.019925280199252802,0.024283935242839352,0.026151930261519303,0.019925280199252802,0.05292652552926526
VCV001630450.11,0,NM_000518.5(HBB):c.316-260T>C,substitution,VCV001630450,Likely benign,"criteria provided, multiple submitters, no conflicts",not provided; not specified,5225986,train,ClinVar,0.019302615193026153,0.013075965130759652,0.019925280199252802,0.02303860523038605,0.019925280199252802,0.009962640099626401,0.00311332503113325,0.0161892901618929,0.011830635118306352,0.00684931506849315,0.017434620174346202,0.014321295143212951,0.023661270236612703,0.013075965130759652,0.016811955168119553,0.026151930261519303,0.017434620174346202,0.0136986301369863,0.013075965130759652,0.019302615193026153,0.0112079701120797,0.011830635118306352,0.0012453300124533001,0.019925280199252802,0.0006226650062266501,0.0018679950186799503,0.0006226650062266501,0.00311332503113325,0.016811955168119553,0.0136986301369863,0.028019925280199254,0.0273972602739726,0.011830635118306352,0.00933997509339975,0.009962640099626401,0.0112079701120797,0.016811955168119553,0.010585305105853052,0.0,0.0186799501867995,0.012453300124533,0.014943960149439602,0.015566625155666251,0.016811955168119553,0.008717310087173101,0.00809464508094645,0.02054794520547945,0.016811955168119553,0.0273972602739726,0.012453300124533,0.007471980074719801,0.026151930261519303,0.015566625155666251,0.011830635118306352,0.0018679950186799503,0.031133250311332503,0.017434620174346202,0.0224159402241594,0.026151930261519303,0.019925280199252802,0.024283935242839352,0.025529265255292654,0.02054794520547945,0.05292652552926526
VCV001095205.11,0,NM_000518.5(HBB):c.316-265A>G,substitution,VCV001095205,Likely benign,"criteria provided, multiple submitters, no conflicts",not provided; not specified,5225991,train,ClinVar,0.019302615193026153,0.013075965130759652,0.019925280199252802,0.0224159402241594,0.019302615193026153,0.009962640099626401,0.00311332503113325,0.0161892901618929,0.011830635118306352,0.00684931506849315,0.017434620174346202,0.014321295143212951,0.023661270236612703,0.013075965130759652,0.017434620174346202,0.026151930261519303,0.017434620174346202,0.013075965130759652,0.013075965130759652,0.019302615193026153,0.0112079701120797,0.011830635118306352,0.0012453300124533001,0.019925280199252802,0.0006226650062266501,0.0018679950186799503,0.0006226650062266501,0.00311332503113325,0.016811955168119553,0.0136986301369863,0.028019925280199254,0.0273972602739726,0.011830635118306352,0.008717310087173101,0.009962640099626401,0.012453300124533,0.016811955168119553,0.010585305105853052,0.0,0.0186799501867995,0.012453300124533,0.014943960149439602,0.015566625155666251,0.016811955168119553,0.008717310087173101,0.00809464508094645,0.02054794520547945,0.016811955168119553,0.026774595267745952,0.013075965130759652,0.007471980074719801,0.026151930261519303,0.015566625155666251,0.011830635118306352,0.0018679950186799503,0.031133250311332503,0.01805728518057285,0.0224159402241594,0.026151930261519303,0.019925280199252802,0.024283935242839352,0.025529265255292654,0.02054794520547945,0.05292652552926526
VCV001155055.10,0,NM_000518.5(HBB):c.316-278C>T,substitution,VCV001155055,Likely benign,"criteria provided, multiple submitters, no conflicts",not provided; not specified,5226004,train,ClinVar,0.019302615193026153,0.013075965130759652,0.019925280199252802,0.02303860523038605,0.019302615193026153,0.009962640099626401,0.00311332503113325,0.0161892901618929,0.011830635118306352,0.00684931506849315,0.017434620174346202,0.014321295143212951,0.024283935242839352,0.013075965130759652,0.016811955168119553,0.026151930261519303,0.017434620174346202,0.013075965130759652,0.013075965130759652,0.019302615193026153,0.0112079701120797,0.011830635118306352,0.0012453300124533001,0.019925280199252802,0.0006226650062266501,0.0018679950186799503,0.0006226650062266501,0.00311332503113325,0.016811955168119553,0.0136986301369863,0.028019925280199254,0.026774595267745952,0.011830635118306352,0.008717310087173101,0.009962640099626401,0.011830635118306352,0.016811955168119553,0.010585305105853052,0.0,0.0186799501867995,0.012453300124533,0.014943960149439602,0.015566625155666251,0.016811955168119553,0.008717310087173101,0.00809464508094645,0.02054794520547945,0.016811955168119553,0.0273972602739726,0.013075965130759652,0.007471980074719801,0.026151930261519303,0.015566625155666251,0.011830635118306352,0.0018679950186799503,0.030510585305105854,0.017434620174346202,0.0224159402241594,0.026151930261519303,0.019925280199252802,0.024283935242839352,0.024906600249066,0.02054794520547945,0.0547945205479452
VCV000695343.13,0,NM_000518.5(HBB):c.316-373C>A,substitution,VCV000695343,Benign,reviewed by expert panel,Beta-thalassemia HBB/LCRB,5226099,train,ClinVar,0.019302615193026153,0.013075965130759652,0.02054794520547945,0.02303860523038605,0.019302615193026153,0.009962640099626401,0.00311332503113325,0.0161892901618929,0.011830635118306352,0.00684931506849315,0.017434620174346202,0.014321295143212951,0.024906600249066,0.012453300124533,0.016811955168119553,0.026151930261519303,0.017434620174346202,0.013075965130759652,0.012453300124533,0.019302615193026153,0.0112079701120797,0.011830635118306352,0.0012453300124533001,0.019925280199252802,0.0006226650062266501,0.0018679950186799503,0.0006226650062266501,0.00311332503113325,0.016811955168119553,0.0136986301369863,0.028019925280199254,0.0273972602739726,0.011830635118306352,0.008717310087173101,0.009962640099626401,0.011830635118306352,0.016811955168119553,0.010585305105853052,0.0,0.0186799501867995,0.012453300124533,0.014943960149439602,0.015566625155666251,0.016811955168119553,0.008717310087173101,0.00809464508094645,0.02054794520547945,0.016811955168119553,0.028019925280199254,0.013075965130759652,0.007471980074719801,0.026151930261519303,0.014943960149439602,0.011830635118306352,0.0018679950186799503,0.031133250311332503,0.017434620174346202,0.0224159402241594,0.026151930261519303,0.019925280199252802,0.024283935242839352,0.025529265255292654,0.02054794520547945,0.05292652552926526
VCV000750903.12,0,NM_000518.5(HBB):c.315+260A>G,substitution,VCV000750903,Likely benign,reviewed by expert panel,Beta-thalassemia HBB/LCRB,5226317,train,ClinVar,0.019302615193026153,0.013075965130759652,0.019925280199252802,0.02303860523038605,0.019302615193026153,0.009962640099626401,0.00311332503113325,0.0161892901618929,0.011830635118306352,0.00684931506849315,0.017434620174346202,0.014321295143212951,0.023661270236612703,0.013075965130759652,0.016811955168119553,0.026151930261519303,0.017434620174346202,0.013075965130759652,0.013075965130759652,0.019302615193026153,0.0112079701120797,0.011830635118306352,0.0012453300124533001,0.019925280199252802,0.0006226650062266501,0.0018679950186799503,0.0006226650062266501,0.00311332503113325,0.016811955168119553,0.0136986301369863,0.028019925280199254,0.0273972602739726,0.011830635118306352,0.008717310087173101,0.009962640099626401,0.011830635118306352,0.016811955168119553,0.010585305105853052,0.0,0.0186799501867995,0.012453300124533,0.014943960149439602,0.015566625155666251,0.016811955168119553,0.008717310087173101,0.00809464508094645,0.021170610211706103,0.016811955168119553,0.0273972602739726,0.013075965130759652,0.007471980074719801,0.025529265255292654,0.015566625155666251,0.011830635118306352,0.0018679950186799503,0.031133250311332503,0.017434620174346202,0.0224159402241594,0.026151930261519303,0.02054794520547945,0.024283935242839352,0.025529265255292654,0.02054794520547945,0.05292652552926526
VCV000763631.11,0,NM_000518.5(HBB):c.315+221G>A,substitution,VCV000763631,Likely benign,"criteria provided, multiple submitters, no conflicts",not provided; not specified,5226356,challenge,ClinVar,0.019302615193026153,0.013075965130759652,0.019925280199252802,0.02303860523038605,0.019925280199252802,0.009962640099626401,0.00311332503113325,0.0161892901618929,0.011830635118306352,0.00684931506849315,0.017434620174346202,0.014321295143212951,0.024283935242839352,0.013075965130759652,0.016811955168119553,0.026151930261519303,0.017434620174346202,0.0136986301369863,0.013075965130759652,0.019302615193026153,0.011830635118306352,0.011830635118306352,0.0006226650062266501,0.019925280199252802,0.0006226650062266501,0.0012453300124533001,0.0006226650062266501,0.00311332503113325,0.016811955168119553,0.0136986301369863,0.028019925280199254,0.0273972602739726,0.011830635118306352,0.008717310087173101,0.009962640099626401,0.011830635118306352,0.0161892901618929,0.010585305105853052,0.0,0.0186799501867995,0.012453300124533,0.014943960149439602,0.015566625155666251,0.016811955168119553,0.008717310087173101,0.00809464508094645,0.02054794520547945,0.016811955168119553,0.0273972602739726,0.013075965130759652,0.007471980074719801,0.026151930261519303,0.015566625155666251,0.011830635118306352,0.0018679950186799503,0.031133250311332503,0.017434620174346202,0.0224159402241594,0.026151930261519303,0.019925280199252802,0.024283935242839352,0.025529265255292654,0.02054794520547945,0.05292652552926526
VCV000707768.12,0,NM_000518.5(HBB):c.315+220C>T,substitution,VCV000707768,Benign/Likely benign,"criteria provided, multiple submitters, no conflicts",not provided; not specified,5226357,train,ClinVar,0.019302615193026153,0.013075965130759652,0.019925280199252802,0.02303860523038605,0.019302615193026153,0.009962640099626401,0.00311332503113325,0.0161892901618929,0.011830635118306352,0.00684931506849315,0.017434620174346202,0.014321295143212951,0.024283935242839352,0.013075965130759652,0.016811955168119553,0.026151930261519303,0.017434620174346202,0.013075965130759652,0.013075965130759652,0.019302615193026153,0.0112079701120797,0.011830635118306352,0.0006226650062266501,0.019925280199252802,0.0006226650062266501,0.0012453300124533001,0.0006226650062266501,0.00311332503113325,0.016811955168119553,0.0136986301369863,0.028642590286425903,0.0273972602739726,0.011830635118306352,0.008717310087173101,0.009962640099626401,0.011830635118306352,0.016811955168119553,0.010585305105853052,0.0,0.0186799501867995,0.012453300124533,0.014943960149439602,0.015566625155666251,0.016811955168119553,0.008717310087173101,0.00809464508094645,0.02054794520547945,0.016811955168119553,0.0273972602739726,0.013075965130759652,0.007471980074719801,0.026151930261519303,0.015566625155666251,0.0112079701120797,0.0018679950186799503,0.031755915317559155,0.017434620174346202,0.02303860523038605,0.026151930261519303,0.019925280199252802,0.024283935242839352,0.025529265255292654,0.02054794520547945,0.05292652552926526
VCV000695498.12,0,NM_000518.5(HBB):c.315+180T>C,substitution,VCV000695498,Benign/Likely benign,"criteria provided, multiple submitters, no conflicts",not provided; not specified,5226397,challenge,ClinVar,0.019302615193026153,0.013075965130759652,0.019925280199252802,0.02303860523038605,0.019302615193026153,0.009962640099626401,0.00311332503113325,0.0161892901618929,0.011830635118306352,0.00684931506849315,0.017434620174346202,0.014321295143212951,0.024283935242839352,0.013075965130759652,0.016811955168119553,0.026151930261519303,0.017434620174346202,0.013075965130759652,0.013075965130759652,0.019302615193026153,0.0112079701120797,0.011830635118306352,0.0012453300124533001,0.019925280199252802,0.0006226650062266501,0.0018679950186799503,0.0006226650062266501,0.00311332503113325,0.016811955168119553,0.0136986301369863,0.028019925280199254,0.028019925280199254,0.011830635118306352,0.008717310087173101,0.009962640099626401,0.011830635118306352,0.016811955168119553,0.010585305105853052,0.0,0.0186799501867995,0.012453300124533,0.014943960149439602,0.015566625155666251,0.016811955168119553,0.008717310087173101,0.008717310087173101,0.02054794520547945,0.0161892901618929,0.0273972602739726,0.013075965130759652,0.007471980074719801,0.026151930261519303,0.015566625155666251,0.011830635118306352,0.0018679950186799503,0.031755915317559155,0.017434620174346202,0.0224159402241594,0.026151930261519303,0.019925280199252802,0.024283935242839352,0.025529265255292654,0.02054794520547945,0.051681195516811954
VCV000439774.28,0,NM_000518.5(HBB):c.315+81C>T,substitution,VCV000439774,Benign,reviewed by expert panel,Beta-thalassemia HBB/LCRB,5226496,challenge,ClinVar,0.019302615193026153,0.012453300124533,0.019925280199252802,0.023661270236612703,0.0186799501867995,0.009962640099626401,0.00311332503113325,0.0161892901618929,0.011830635118306352,0.00684931506849315,0.017434620174346202,0.014321295143212951,0.024906600249066,0.013075965130759652,0.016811955168119553,0.026151930261519303,0.017434620174346202,0.013075965130759652,0.012453300124533,0.019302615193026153,0.0112079701120797,0.011830635118306352,0.0012453300124533001,0.019925280199252802,0.0006226650062266501,0.0018679950186799503,0.0006226650062266501,0.00311332503113325,0.016811955168119553,0.0136986301369863,0.028019925280199254,0.0273972602739726,0.011830635118306352,0.008717310087173101,0.009962640099626401,0.011830635118306352,0.016811955168119553,0.010585305105853052,0.0,0.0186799501867995,0.012453300124533,0.014943960149439602,0.015566625155666251,0.016811955168119553,0.008717310087173101,0.00809464508094645,0.02054794520547945,0.016811955168119553,0.0273972602739726,0.013075965130759652,0.00809464508094645,0.026151930261519303,0.015566625155666251,0.011830635118306352,0.0018679950186799503,0.031133250311332503,0.017434620174346202,0.0224159402241594,0.026151930261519303,0.019925280199252802,0.024283935242839352,0.025529265255292654,0.02054794520547945,0.05292652552926526
VCV000439775.30,0,NM_000518.5(HBB):c.315+74T>G,substitution,VCV000439775,Benign,"criteria provided, multiple submitters, no conflicts",beta Thalassemia; not provided,5226503,challenge,ClinVar,0.019302615193026153,0.013075965130759652,0.019925280199252802,0.02303860523038605,0.019302615193026153,0.009962640099626401,0.00311332503113325,0.0161892901618929,0.012453300124533,0.00684931506849315,0.017434620174346202,0.014321295143212951,0.023661270236612703,0.013075965130759652,0.016811955168119553,0.026151930261519303,0.017434620174346202,0.013075965130759652,0.013075965130759652,0.019302615193026153,0.0112079701120797,0.011830635118306352,0.0012453300124533001,0.019925280199252802,0.0006226650062266501,0.0018679950186799503,0.0006226650062266501,0.00311332503113325,0.016811955168119553,0.0136986301369863,0.028019925280199254,0.0273972602739726,0.012453300124533,0.008717310087173101,0.010585305105853052,0.0112079701120797,0.016811955168119553,0.010585305105853052,0.0,0.0186799501867995,0.012453300124533,0.014943960149439602,0.015566625155666251,0.016811955168119553,0.008717310087173101,0.00809464508094645,0.02054794520547945,0.016811955168119553,0.026774595267745952,0.013075965130759652,0.007471980074719801,0.026151930261519303,0.015566625155666251,0.011830635118306352,0.0018679950186799503,0.031133250311332503,0.017434620174346202,0.0224159402241594,0.026151930261519303,0.019925280199252802,0.024283935242839352,0.025529265255292654,0.02054794520547945,0.05292652552926526
VCV000764666.18,0,NM_000518.5(HBB):c.315+70G>C,substitution,VCV000764666,Benign/Likely benign,"criteria provided, multiple submitters, no conflicts",not provided; not specified,5226507,train,ClinVar,0.019302615193026153,0.013075965130759652,0.019925280199252802,0.02303860523038605,0.019302615193026153,0.009962640099626401,0.00311332503113325,0.0161892901618929,0.011830635118306352,0.007471980074719801,0.016811955168119553,0.014321295143212951,0.024283935242839352,0.013075965130759652,0.016811955168119553,0.026151930261519303,0.017434620174346202,0.013075965130759652,0.013075965130759652,0.019302615193026153,0.0112079701120797,0.011830635118306352,0.0012453300124533001,0.019925280199252802,0.0006226650062266501,0.0018679950186799503,0.0012453300124533001,0.00311332503113325,0.016811955168119553,0.0136986301369863,0.028019925280199254,0.0273972602739726,0.011830635118306352,0.008717310087173101,0.009962640099626401,0.011830635118306352,0.016811955168119553,0.010585305105853052,0.0006226650062266501,0.0186799501867995,0.012453300124533,0.014943960149439602,0.014321295143212951,0.016811955168119553,0.008717310087173101,0.00809464508094645,0.02054794520547945,0.016811955168119553,0.0273972602739726,0.013075965130759652,0.007471980074719801,0.026151930261519303,0.015566625155666251,0.011830635118306352,0.0018679950186799503,0.031133250311332503,0.017434620174346202,0.0224159402241594,0.026151930261519303,0.019925280199252802,0.024283935242839352,0.025529265255292654,0.02054794520547945,0.05292652552926526
VCV000439776.23,0,NM_000518.5(HBB):c.315+26T>G,substitution,VCV000439776,Benign,"criteria provided, multiple submitters, no conflicts",not provided,5226551,train,ClinVar,0.019302615193026153,0.013075965130759652,0.019925280199252802,0.02303860523038605,0.019302615193026153,0.009962640099626401,0.00311332503113325,0.0161892901618929,0.011830635118306352,0.00684931506849315,0.017434620174346202,0.014321295143212951,0.024283935242839352,0.013075965130759652,0.016811955168119553,0.026151930261519303,0.017434620174346202,0.013075965130759652,0.013075965130759652,0.019302615193026153,0.0112079701120797,0.011830635118306352,0.0012453300124533001,0.019925280199252802,0.0006226650062266501,0.0018679950186799503,0.0006226650062266501,0.00311332503113325,0.016811955168119553,0.0136986301369863,0.028019925280199254,0.0273972602739726,0.011830635118306352,0.008717310087173101,0.009962640099626401,0.011830635118306352,0.016811955168119553,0.010585305105853052,0.0,0.0186799501867995,0.012453300124533,0.014943960149439602,0.015566625155666251,0.016811955168119553,0.008717310087173101,0.008717310087173101,0.02054794520547945,0.016811955168119553,0.0273972602739726,0.013075965130759652,0.007471980074719801,0.026151930261519303,0.015566625155666251,0.011830635118306352,0.0018679950186799503,0.031133250311332503,0.017434620174346202,0.0224159402241594,0.026151930261519303,0.02054794520547945,0.024283935242839352,0.024906600249066,0.021170610211706103,0.051681195516811954
VCV002778654.4,0,NM_000518.5(HBB):c.315+18T>C,substitution,VCV002778654,Likely benign,"criteria provided, multiple submitters, no conflicts",not provided,5226559,train,ClinVar,0.019302615193026153,0.013075965130759652,0.019925280199252802,0.02303860523038605,0.019302615193026153,0.009962640099626401,0.00311332503113325,0.0161892901618929,0.011830635118306352,0.00684931506849315,0.017434620174346202,0.014321295143212951,0.024283935242839352,0.013075965130759652,0.016811955168119553,0.026151930261519303,0.017434620174346202,0.013075965130759652,0.013075965130759652,0.019302615193026153,0.0112079701120797,0.011830635118306352,0.0012453300124533001,0.02054794520547945,0.0006226650062266501,0.0018679950186799503,0.0006226650062266501,0.00311332503113325,0.016811955168119553,0.0136986301369863,0.028642590286425903,0.026774595267745952,0.011830635118306352,0.008717310087173101,0.009962640099626401,0.011830635118306352,0.016811955168119553,0.0112079701120797,0.0,0.01805728518057285,0.012453300124533,0.014943960149439602,0.015566625155666251,0.016811955168119553,0.008717310087173101,0.00809464508094645,0.02054794520547945,0.016811955168119553,0.0273972602739726,0.013075965130759652,0.007471980074719801,0.026151930261519303,0.015566625155666251,0.011830635118306352,0.0018679950186799503,0.031133250311332503,0.017434620174346202,0.0224159402241594,0.026151930261519303,0.019925280199252802,0.024283935242839352,0.025529265255292654,0.019925280199252802,0.05292652552926526
VCV000256345.36,0,NM_000518.5(HBB):c.315+16G>C,substitution,VCV000256345,Benign/Likely benign,"criteria provided, multiple submitters, no conflicts",beta Thalassemia; not provided; not specified,5226561,train,ClinVar,0.019302615193026153,0.013075965130759652,0.019925280199252802,0.02303860523038605,0.019302615193026153,0.010585305105853052,0.0024906600249066002,0.0161892901618929,0.011830635118306352,0.00684931506849315,0.017434620174346202,0.014321295143212951,0.024283935242839352,0.013075965130759652,0.016811955168119553,0.026151930261519303,0.017434620174346202,0.013075965130759652,0.013075965130759652,0.019302615193026153,0.0112079701120797,0.012453300124533,0.0012453300124533001,0.02054794520547945,0.0006226650062266501,0.0012453300124533001,0.0006226650062266501,0.00311332503113325,0.016811955168119553,0.0136986301369863,0.028019925280199254,0.0273972602739726,0.011830635118306352,0.008717310087173101,0.009962640099626401,0.011830635118306352,0.016811955168119553,0.010585305105853052,0.0,0.01805728518057285,0.012453300124533,0.014943960149439602,0.015566625155666251,0.016811955168119553,0.008717310087173101,0.00809464508094645,0.02054794520547945,0.016811955168119553,0.0273972602739726,0.013075965130759652,0.007471980074719801,0.026151930261519303,0.015566625155666251,0.011830635118306352,0.0018679950186799503,0.031133250311332503,0.017434620174346202,0.0224159402241594,0.026151930261519303,0.019925280199252802,0.024283935242839352,0.025529265255292654,0.02054794520547945,0.05292652552926526
VCV000929230.10,0,NM_000518.5(HBB):c.315+9A>G,substitution,VCV000929230,Likely benign,"criteria provided, multiple submitters, no conflicts",not provided; not specified,5226568,train,ClinVar,0.019302615193026153,0.013075965130759652,0.019925280199252802,0.02303860523038605,0.019302615193026153,0.009962640099626401,0.00311332503113325,0.0161892901618929,0.011830635118306352,0.00684931506849315,0.017434620174346202,0.014321295143212951,0.024283935242839352,0.013075965130759652,0.0161892901618929,0.026151930261519303,0.017434620174346202,0.013075965130759652,0.013075965130759652,0.019302615193026153,0.0112079701120797,0.011830635118306352,0.0012453300124533001,0.019925280199252802,0.0006226650062266501,0.0018679950186799503,0.0006226650062266501,0.00311332503113325,0.0161892901618929,0.0136986301369863,0.028642590286425903,0.0273972602739726,0.011830635118306352,0.008717310087173101,0.009962640099626401,0.011830635118306352,0.016811955168119553,0.010585305105853052,0.0,0.0186799501867995,0.012453300124533,0.014943960149439602,0.015566625155666251,0.016811955168119553,0.008717310087173101,0.00809464508094645,0.021170610211706103,0.016811955168119553,0.0273972602739726,0.013075965130759652,0.007471980074719801,0.025529265255292654,0.015566625155666251,0.011830635118306352,0.0018679950186799503,0.031133250311332503,0.017434620174346202,0.0224159402241594,0.026151930261519303,0.02054794520547945,0.024283935242839352,0.025529265255292654,0.02054794520547945,0.05292652552926526
VCV001591892.10,0,NM_000518.5(HBB):c.315+9A>C,substitution,VCV001591892,Likely benign,"criteria provided, multiple submitters, no conflicts",not provided; not specified,5226568,train,ClinVar,0.019302615193026153,0.013075965130759652,0.019925280199252802,0.02303860523038605,0.019302615193026153,0.009962640099626401,0.00311332503113325,0.0161892901618929,0.011830635118306352,0.00684931506849315,0.017434620174346202,0.014321295143212951,0.024283935242839352,0.013075965130759652,0.0161892901618929,0.026151930261519303,0.017434620174346202,0.013075965130759652,0.013075965130759652,0.019302615193026153,0.0112079701120797,0.011830635118306352,0.0012453300124533001,0.019925280199252802,0.0006226650062266501,0.0018679950186799503,0.0006226650062266501,0.00311332503113325,0.0161892901618929,0.014321295143212951,0.028642590286425903,0.0273972602739726,0.011830635118306352,0.008717310087173101,0.009962640099626401,0.011830635118306352,0.016811955168119553,0.010585305105853052,0.0,0.0186799501867995,0.012453300124533,0.014943960149439602,0.015566625155666251,0.016811955168119553,0.008717310087173101,0.00809464508094645,0.02054794520547945,0.016811955168119553,0.0273972602739726,0.013075965130759652,0.007471980074719801,0.025529265255292654,0.015566625155666251,0.011830635118306352,0.0018679950186799503,0.031755915317559155,0.017434620174346202,0.0224159402241594,0.026151930261519303,0.019925280199252802,0.024283935242839352,0.025529265255292654,0.02054794520547945,0.05292652552926526
VCV001960918.7,0,NM_000518.5(HBB):c.315+8T>C,substitution,VCV001960918,Likely benign,"criteria provided, multiple submitters, no conflicts",not provided; not specified,5226569,train,ClinVar,0.019302615193026153,0.013075965130759652,0.019925280199252802,0.02303860523038605,0.019302615193026153,0.009962640099626401,0.00311332503113325,0.0161892901618929,0.011830635118306352,0.00684931506849315,0.017434620174346202,0.014321295143212951,0.024283935242839352,0.013075965130759652,0.016811955168119553,0.026151930261519303,0.017434620174346202,0.013075965130759652,0.013075965130759652,0.019925280199252802,0.011830635118306352,0.011830635118306352,0.0012453300124533001,0.019925280199252802,0.0006226650062266501,0.0018679950186799503,0.0006226650062266501,0.00311332503113325,0.0161892901618929,0.0136986301369863,0.028019925280199254,0.0273972602739726,0.011830635118306352,0.008717310087173101,0.009962640099626401,0.011830635118306352,0.016811955168119553,0.010585305105853052,0.0,0.0186799501867995,0.012453300124533,0.014943960149439602,0.015566625155666251,0.016811955168119553,0.008717310087173101,0.00809464508094645,0.02054794520547945,0.016811955168119553,0.0273972602739726,0.013075965130759652,0.007471980074719801,0.025529265255292654,0.015566625155666251,0.012453300124533,0.0018679950186799503,0.030510585305105854,0.017434620174346202,0.0224159402241594,0.026151930261519303,0.019925280199252802,0.024283935242839352,0.025529265255292654,0.02054794520547945,0.05292652552926526
VCV000256344.11,0,c.288G>A,substitution,VCV000256344,Likely benign,"criteria provided, multiple submitters, no conflicts",not provided; not specified,5226604,train,ClinVar,0.019925280199252802,0.0136986301369863,0.019302615193026153,0.02303860523038605,0.019302615193026153,0.009962640099626401,0.00311332503113325,0.016811955168119553,0.011830635118306352,0.0062266500622665,0.017434620174346202,0.014321295143212951,0.024283935242839352,0.013075965130759652,0.016811955168119553,0.026151930261519303,0.017434620174346202,0.013075965130759652,0.013075965130759652,0.019302615193026153,0.0112079701120797,0.011830635118306352,0.0012453300124533001,0.019925280199252802,0.0006226650062266501,0.0018679950186799503,0.0006226650062266501,0.00311332503113325,0.016811955168119553,0.0136986301369863,0.028019925280199254,0.0273972602739726,0.011830635118306352,0.008717310087173101,0.009962640099626401,0.011830635118306352,0.016811955168119553,0.010585305105853052,0.0,0.01805728518057285,0.012453300124533,0.014943960149439602,0.015566625155666251,0.016811955168119553,0.008717310087173101,0.00809464508094645,0.02054794520547945,0.016811955168119553,0.0273972602739726,0.013075965130759652,0.007471980074719801,0.026151930261519303,0.015566625155666251,0.011830635118306352,0.0018679950186799503,0.031133250311332503,0.017434620174346202,0.0224159402241594,0.026151930261519303,0.019925280199252802,0.024283935242839352,0.025529265255292654,0.02054794520547945,0.05292652552926526
VCV002010262.5,0,c.276G>A,substitution,VCV002010262,Likely benign,"criteria provided, multiple submitters, no conflicts",not provided; not specified,5226616,train,ClinVar,0.019302615193026153,0.013075965130759652,0.019925280199252802,0.02303860523038605,0.019925280199252802,0.009962640099626401,0.00311332503113325,0.0161892901618929,0.011830635118306352,0.00684931506849315,0.017434620174346202,0.014321295143212951,0.024283935242839352,0.013075965130759652,0.016811955168119553,0.026151930261519303,0.017434620174346202,0.013075965130759652,0.013075965130759652,0.019302615193026153,0.0112079701120797,0.011830635118306352,0.0012453300124533001,0.019925280199252802,0.0006226650062266501,0.0018679950186799503,0.0006226650062266501,0.00311332503113325,0.017434620174346202,0.0136986301369863,0.0273972602739726,0.0273972602739726,0.011830635118306352,0.008717310087173101,0.009962640099626401,0.011830635118306352,0.0161892901618929,0.010585305105853052,0.0,0.0186799501867995,0.012453300124533,0.014943960149439602,0.015566625155666251,0.016811955168119553,0.008717310087173101,0.00809464508094645,0.02054794520547945,0.016811955168119553,0.0273972602739726,0.0136986301369863,0.007471980074719801,0.026151930261519303,0.015566625155666251,0.011830635118306352,0.0018679950186799503,0.031133250311332503,0.017434620174346202,0.021793275217932753,0.026151930261519303,0.019925280199252802,0.024283935242839352,0.025529265255292654,0.02054794520547945,0.05292652552926526
VCV000015489.16,0,c.262A>C,substitution,VCV000015489,Benign/Likely benign,"criteria provided, multiple submitters, no conflicts","Beta-thalassemia HBB/LCRB; Dominant beta-thalassemia; Erythrocytosis, familial, 6; Hb SS disease; Heinz body anemia; Hereditary persistence of fetal hemoglobin; METHEMOGLOBINEMIA, BETA TYPE; Malaria, susceptibility to; alpha Thalassemia; beta Thalassemia; not specified",5226630,train,ClinVar,0.019302615193026153,0.013075965130759652,0.019925280199252802,0.02303860523038605,0.0186799501867995,0.009962640099626401,0.00311332503113325,0.0161892901618929,0.011830635118306352,0.00684931506849315,0.017434620174346202,0.014321295143212951,0.024283935242839352,0.013075965130759652,0.016811955168119553,0.026151930261519303,0.017434620174346202,0.012453300124533,0.013075965130759652,0.019302615193026153,0.0112079701120797,0.013075965130759652,0.0012453300124533001,0.019925280199252802,0.0006226650062266501,0.0018679950186799503,0.0006226650062266501,0.00311332503113325,0.016811955168119553,0.0136986301369863,0.028019925280199254,0.0273972602739726,0.011830635118306352,0.008717310087173101,0.009962640099626401,0.011830635118306352,0.016811955168119553,0.010585305105853052,0.0,0.0186799501867995,0.012453300124533,0.014943960149439602,0.015566625155666251,0.016811955168119553,0.008717310087173101,0.00809464508094645,0.02054794520547945,0.016811955168119553,0.0273972602739726,0.013075965130759652,0.007471980074719801,0.026151930261519303,0.015566625155666251,0.011830635118306352,0.0018679950186799503,0.031133250311332503,0.017434620174346202,0.0224159402241594,0.026151930261519303,0.019925280199252802,0.024283935242839352,0.025529265255292654,0.02054794520547945,0.05292652552926526
VCV000036305.20,0,c.246C>G,substitution,VCV000036305,Likely benign,"criteria provided, multiple submitters, no conflicts",Inborn genetic diseases; beta Thalassemia; not provided,5226646,train,ClinVar,0.019302615193026153,0.013075965130759652,0.019925280199252802,0.02303860523038605,0.019302615193026153,0.009962640099626401,0.00311332503113325,0.0161892901618929,0.011830635118306352,0.00684931506849315,0.017434620174346202,0.014321295143212951,0.024283935242839352,0.013075965130759652,0.016811955168119553,0.026151930261519303,0.016811955168119553,0.013075965130759652,0.013075965130759652,0.019302615193026153,0.0112079701120797,0.011830635118306352,0.0012453300124533001,0.019925280199252802,0.0006226650062266501,0.0018679950186799503,0.0006226650062266501,0.00311332503113325,0.016811955168119553,0.013075965130759652,0.028642590286425903,0.0273972602739726,0.012453300124533,0.008717310087173101,0.009962640099626401,0.011830635118306352,0.016811955168119553,0.010585305105853052,0.0,0.0186799501867995,0.012453300124533,0.014943960149439602,0.015566625155666251,0.016811955168119553,0.008717310087173101,0.00809464508094645,0.02054794520547945,0.016811955168119553,0.0273972602739726,0.013075965130759652,0.007471980074719801,0.026151930261519303,0.014943960149439602,0.011830635118306352,0.0018679950186799503,0.031133250311332503,0.01805728518057285,0.0224159402241594,0.026151930261519303,0.019925280199252802,0.024283935242839352,0.025529265255292654,0.02054794520547945,0.05292652552926526
VCV002086531.5,0,c.246C>T,substitution,VCV002086531,Likely benign,"criteria provided, multiple submitters, no conflicts",not provided; not specified,5226646,train,ClinVar,0.019302615193026153,0.013075965130759652,0.019925280199252802,0.02303860523038605,0.019302615193026153,0.009962640099626401,0.00311332503113325,0.0161892901618929,0.011830635118306352,0.00684931506849315,0.017434620174346202,0.014321295143212951,0.024283935242839352,0.013075965130759652,0.016811955168119553,0.026151930261519303,0.016811955168119553,0.013075965130759652,0.013075965130759652,0.019302615193026153,0.0112079701120797,0.011830635118306352,0.0012453300124533001,0.019925280199252802,0.0006226650062266501,0.0018679950186799503,0.0006226650062266501,0.00311332503113325,0.016811955168119553,0.013075965130759652,0.028019925280199254,0.028019925280199254,0.011830635118306352,0.008717310087173101,0.009962640099626401,0.011830635118306352,0.016811955168119553,0.010585305105853052,0.0,0.0186799501867995,0.012453300124533,0.014943960149439602,0.015566625155666251,0.016811955168119553,0.008717310087173101,0.00809464508094645,0.02054794520547945,0.016811955168119553,0.028019925280199254,0.013075965130759652,0.007471980074719801,0.026151930261519303,0.014943960149439602,0.011830635118306352,0.0018679950186799503,0.031133250311332503,0.017434620174346202,0.0224159402241594,0.026151930261519303,0.019925280199252802,0.024906600249066,0.025529265255292654,0.02054794520547945,0.05292652552926526
VCV000439141.33,0,c.207C>T,substitution,VCV000439141,Likely benign,"criteria provided, multiple submitters, no conflicts",Inborn genetic diseases; not provided; not specified,5226685,challenge,ClinVar,0.019302615193026153,0.013075965130759652,0.019925280199252802,0.02303860523038605,0.019302615193026153,0.009962640099626401,0.00311332503113325,0.0161892901618929,0.011830635118306352,0.00684931506849315,0.017434620174346202,0.014321295143212951,0.024283935242839352,0.013075965130759652,0.016811955168119553,0.026151930261519303,0.017434620174346202,0.013075965130759652,0.013075965130759652,0.019302615193026153,0.0112079701120797,0.011830635118306352,0.0012453300124533001,0.019925280199252802,0.0006226650062266501,0.0018679950186799503,0.0,0.00311332503113325,0.016811955168119553,0.013075965130759652,0.028019925280199254,0.028019925280199254,0.011830635118306352,0.008717310087173101,0.009962640099626401,0.011830635118306352,0.016811955168119553,0.010585305105853052,0.0,0.0186799501867995,0.012453300124533,0.014943960149439602,0.015566625155666251,0.016811955168119553,0.008717310087173101,0.00809464508094645,0.02054794520547945,0.016811955168119553,0.0273972602739726,0.013075965130759652,0.007471980074719801,0.026151930261519303,0.015566625155666251,0.011830635118306352,0.0012453300124533001,0.031133250311332503,0.017434620174346202,0.0224159402241594,0.026774595267745952,0.019925280199252802,0.024283935242839352,0.025529265255292654,0.021170610211706103,0.05292652552926526
VCV003627289.3,0,c.207C>A,substitution,VCV003627289,Likely benign,"criteria provided, multiple submitters, no conflicts",not provided; not specified,5226685,challenge,ClinVar,0.019302615193026153,0.013075965130759652,0.019925280199252802,0.02303860523038605,0.019302615193026153,0.009962640099626401,0.00311332503113325,0.0161892901618929,0.011830635118306352,0.00684931506849315,0.01805728518057285,0.014321295143212951,0.024283935242839352,0.013075965130759652,0.016811955168119553,0.026151930261519303,0.017434620174346202,0.013075965130759652,0.013075965130759652,0.019302615193026153,0.0112079701120797,0.011830635118306352,0.0012453300124533001,0.019925280199252802,0.0006226650062266501,0.0018679950186799503,0.0,0.00311332503113325,0.017434620174346202,0.013075965130759652,0.028019925280199254,0.0273972602739726,0.011830635118306352,0.008717310087173101,0.009962640099626401,0.011830635118306352,0.016811955168119553,0.010585305105853052,0.0,0.0186799501867995,0.012453300124533,0.014943960149439602,0.015566625155666251,0.016811955168119553,0.008717310087173101,0.00809464508094645,0.02054794520547945,0.016811955168119553,0.0273972602739726,0.013075965130759652,0.00809464508094645,0.026151930261519303,0.015566625155666251,0.011830635118306352,0.0012453300124533001,0.031133250311332503,0.017434620174346202,0.0224159402241594,0.026151930261519303,0.019925280199252802,0.024283935242839352,0.025529265255292654,0.02054794520547945,0.05292652552926526
VCV000439139.20,0,c.180G>A,substitution,VCV000439139,Likely benign,"criteria provided, multiple submitters, no conflicts",Inborn genetic diseases; not provided; not specified,5226712,train,ClinVar,0.019925280199252802,0.013075965130759652,0.019925280199252802,0.02303860523038605,0.019302615193026153,0.009962640099626401,0.00311332503113325,0.0161892901618929,0.011830635118306352,0.00684931506849315,0.016811955168119553,0.014943960149439602,0.024283935242839352,0.013075965130759652,0.016811955168119553,0.026151930261519303,0.017434620174346202,0.013075965130759652,0.013075965130759652,0.019302615193026153,0.0112079701120797,0.011830635118306352,0.0012453300124533001,0.019925280199252802,0.0006226650062266501,0.0018679950186799503,0.0006226650062266501,0.00311332503113325,0.016811955168119553,0.0136986301369863,0.028019925280199254,0.0273972602739726,0.011830635118306352,0.008717310087173101,0.009962640099626401,0.011830635118306352,0.016811955168119553,0.010585305105853052,0.0,0.0186799501867995,0.012453300124533,0.014943960149439602,0.015566625155666251,0.0161892901618929,0.008717310087173101,0.00809464508094645,0.02054794520547945,0.016811955168119553,0.0273972602739726,0.013075965130759652,0.007471980074719801,0.026151930261519303,0.015566625155666251,0.011830635118306352,0.0018679950186799503,0.031133250311332503,0.017434620174346202,0.0224159402241594,0.026151930261519303,0.019925280199252802,0.024283935242839352,0.025529265255292654,0.02054794520547945,0.05292652552926526
VCV000439138.14,0,c.174C>T,substitution,VCV000439138,Likely benign,"criteria provided, multiple submitters, no conflicts",not provided; not specified,5226718,train,ClinVar,0.019302615193026153,0.012453300124533,0.019925280199252802,0.023661270236612703,0.019302615193026153,0.00933997509339975,0.00311332503113325,0.0161892901618929,0.011830635118306352,0.00684931506849315,0.017434620174346202,0.014321295143212951,0.024283935242839352,0.0136986301369863,0.016811955168119553,0.026151930261519303,0.017434620174346202,0.013075965130759652,0.013075965130759652,0.019302615193026153,0.0112079701120797,0.0112079701120797,0.0012453300124533001,0.019925280199252802,0.0006226650062266501,0.0018679950186799503,0.0006226650062266501,0.00311332503113325,0.016811955168119553,0.0136986301369863,0.028019925280199254,0.0273972602739726,0.011830635118306352,0.008717310087173101,0.009962640099626401,0.011830635118306352,0.016811955168119553,0.010585305105853052,0.0,0.0186799501867995,0.012453300124533,0.014943960149439602,0.015566625155666251,0.016811955168119553,0.008717310087173101,0.00809464508094645,0.02054794520547945,0.016811955168119553,0.0273972602739726,0.013075965130759652,0.007471980074719801,0.026151930261519303,0.015566625155666251,0.012453300124533,0.0018679950186799503,0.031133250311332503,0.017434620174346202,0.0224159402241594,0.026151930261519303,0.019925280199252802,0.024283935242839352,0.025529265255292654,0.02054794520547945,0.05292652552926526
VCV000036300.26,0,c.171C>T,substitution,VCV000036300,Likely benign,"criteria provided, multiple submitters, no conflicts",not provided; not specified,5226721,challenge,ClinVar,0.019302615193026153,0.013075965130759652,0.019925280199252802,0.02303860523038605,0.019302615193026153,0.009962640099626401,0.00311332503113325,0.0161892901618929,0.011830635118306352,0.00684931506849315,0.017434620174346202,0.014321295143212951,0.024283935242839352,0.013075965130759652,0.016811955168119553,0.026151930261519303,0.016811955168119553,0.013075965130759652,0.013075965130759652,0.019302615193026153,0.0112079701120797,0.011830635118306352,0.0012453300124533001,0.019925280199252802,0.0006226650062266501,0.0018679950186799503,0.0006226650062266501,0.00311332503113325,0.016811955168119553,0.0136986301369863,0.028019925280199254,0.0273972602739726,0.011830635118306352,0.008717310087173101,0.009962640099626401,0.011830635118306352,0.0161892901618929,0.010585305105853052,0.0,0.0186799501867995,0.012453300124533,0.014321295143212951,0.015566625155666251,0.017434620174346202,0.00933997509339975,0.00809464508094645,0.02054794520547945,0.016811955168119553,0.028019925280199254,0.013075965130759652,0.007471980074719801,0.026151930261519303,0.015566625155666251,0.011830635118306352,0.0018679950186799503,0.031133250311332503,0.017434620174346202,0.0224159402241594,0.026151930261519303,0.019925280199252802,0.024283935242839352,0.025529265255292654,0.02054794520547945,0.05292652552926526
VCV002901561.4,0,c.171C>A,substitution,VCV002901561,Likely benign,"criteria provided, multiple submitters, no conflicts",not provided; not specified,5226721,challenge,ClinVar,0.019925280199252802,0.013075965130759652,0.019925280199252802,0.02303860523038605,0.019302615193026153,0.009962640099626401,0.00311332503113325,0.0161892901618929,0.011830635118306352,0.00684931506849315,0.017434620174346202,0.014321295143212951,0.024283935242839352,0.013075965130759652,0.016811955168119553,0.026151930261519303,0.016811955168119553,0.013075965130759652,0.013075965130759652,0.019302615193026153,0.0112079701120797,0.011830635118306352,0.0012453300124533001,0.019925280199252802,0.0006226650062266501,0.0018679950186799503,0.0006226650062266501,0.00311332503113325,0.016811955168119553,0.0136986301369863,0.028019925280199254,0.0273972602739726,0.012453300124533,0.008717310087173101,0.009962640099626401,0.011830635118306352,0.0161892901618929,0.010585305105853052,0.0,0.0186799501867995,0.013075965130759652,0.014321295143212951,0.015566625155666251,0.016811955168119553,0.008717310087173101,0.00809464508094645,0.02054794520547945,0.016811955168119553,0.0273972602739726,0.013075965130759652,0.007471980074719801,0.026151930261519303,0.015566625155666251,0.011830635118306352,0.0018679950186799503,0.031133250311332503,0.017434620174346202,0.0224159402241594,0.026151930261519303,0.019925280199252802,0.024283935242839352,0.025529265255292654,0.02054794520547945,0.05292652552926526
VCV000799058.12,0,c.165T>C,substitution,VCV000799058,Likely benign,"criteria provided, multiple submitters, no conflicts",Inborn genetic diseases; not provided; not specified,5226727,train,ClinVar,0.019302615193026153,0.013075965130759652,0.019925280199252802,0.02303860523038605,0.019302615193026153,0.009962640099626401,0.00311332503113325,0.0161892901618929,0.011830635118306352,0.00684931506849315,0.017434620174346202,0.014321295143212951,0.024283935242839352,0.013075965130759652,0.016811955168119553,0.026151930261519303,0.017434620174346202,0.013075965130759652,0.013075965130759652,0.019925280199252802,0.0112079701120797,0.011830635118306352,0.0012453300124533001,0.019925280199252802,0.0006226650062266501,0.0018679950186799503,0.0006226650062266501,0.00311332503113325,0.016811955168119553,0.0136986301369863,0.028019925280199254,0.0273972602739726,0.011830635118306352,0.008717310087173101,0.009962640099626401,0.011830635118306352,0.016811955168119553,0.010585305105853052,0.0,0.0186799501867995,0.012453300124533,0.014943960149439602,0.015566625155666251,0.016811955168119553,0.008717310087173101,0.008717310087173101,0.02054794520547945,0.0161892901618929,0.0273972602739726,0.013075965130759652,0.007471980074719801,0.025529265255292654,0.0161892901618929,0.011830635118306352,0.0018679950186799503,0.031133250311332503,0.017434620174346202,0.0224159402241594,0.026151930261519303,0.019925280199252802,0.023661270236612703,0.025529265255292654,0.02054794520547945,0.05292652552926526
VCV001111255.10,0,c.156T>C,substitution,VCV001111255,Likely benign,"criteria provided, multiple submitters, no conflicts",not provided; not specified,5226736,train,ClinVar,0.019302615193026153,0.013075965130759652,0.019925280199252802,0.02303860523038605,0.019302615193026153,0.009962640099626401,0.00311332503113325,0.0161892901618929,0.011830635118306352,0.00684931506849315,0.017434620174346202,0.014321295143212951,0.024283935242839352,0.013075965130759652,0.016811955168119553,0.026151930261519303,0.017434620174346202,0.013075965130759652,0.013075965130759652,0.019302615193026153,0.0112079701120797,0.012453300124533,0.0018679950186799503,0.019302615193026153,0.0012453300124533001,0.0018679950186799503,0.0006226650062266501,0.00311332503113325,0.016811955168119553,0.0136986301369863,0.0273972602739726,0.0273972602739726,0.011830635118306352,0.008717310087173101,0.009962640099626401,0.011830635118306352,0.016811955168119553,0.010585305105853052,0.0,0.0186799501867995,0.012453300124533,0.014943960149439602,0.015566625155666251,0.016811955168119553,0.008717310087173101,0.00809464508094645,0.02054794520547945,0.016811955168119553,0.0273972602739726,0.013075965130759652,0.007471980074719801,0.026151930261519303,0.015566625155666251,0.011830635118306352,0.0018679950186799503,0.031133250311332503,0.016811955168119553,0.0224159402241594,0.026151930261519303,0.019925280199252802,0.024283935242839352,0.025529265255292654,0.02054794520547945,0.05292652552926526
VCV000495976.9,0,c.141G>A,substitution,VCV000495976,Likely benign,"criteria provided, multiple submitters, no conflicts",not provided; not specified,5226751,challenge,ClinVar,0.019302615193026153,0.013075965130759652,0.019925280199252802,0.02303860523038605,0.019302615193026153,0.009962640099626401,0.00311332503113325,0.0161892901618929,0.012453300124533,0.00684931506849315,0.017434620174346202,0.014321295143212951,0.024283935242839352,0.013075965130759652,0.016811955168119553,0.026151930261519303,0.017434620174346202,0.013075965130759652,0.013075965130759652,0.019302615193026153,0.0112079701120797,0.011830635118306352,0.0012453300124533001,0.019925280199252802,0.0006226650062266501,0.0018679950186799503,0.0006226650062266501,0.00311332503113325,0.016811955168119553,0.0136986301369863,0.028019925280199254,0.0273972602739726,0.011830635118306352,0.008717310087173101,0.010585305105853052,0.011830635118306352,0.016811955168119553,0.010585305105853052,0.0,0.0186799501867995,0.012453300124533,0.014943960149439602,0.014321295143212951,0.016811955168119553,0.008717310087173101,0.00809464508094645,0.02054794520547945,0.016811955168119553,0.0273972602739726,0.013075965130759652,0.007471980074719801,0.026151930261519303,0.015566625155666251,0.011830635118306352,0.0018679950186799503,0.031133250311332503,0.017434620174346202,0.0224159402241594,0.026151930261519303,0.019925280199252802,0.024283935242839352,0.025529265255292654,0.02054794520547945,0.05292652552926526
VCV000495974.6,0,c.129T>C,substitution,VCV000495974,Likely benign,"criteria provided, multiple submitters, no conflicts",not provided; not specified,5226763,challenge,ClinVar,0.019302615193026153,0.013075965130759652,0.019925280199252802,0.02303860523038605,0.019302615193026153,0.009962640099626401,0.00311332503113325,0.0161892901618929,0.011830635118306352,0.00684931506849315,0.017434620174346202,0.014321295143212951,0.024283935242839352,0.013075965130759652,0.016811955168119553,0.026151930261519303,0.017434620174346202,0.013075965130759652,0.013075965130759652,0.019302615193026153,0.0112079701120797,0.011830635118306352,0.0012453300124533001,0.019925280199252802,0.0012453300124533001,0.0018679950186799503,0.0006226650062266501,0.00311332503113325,0.016811955168119553,0.0136986301369863,0.028019925280199254,0.0273972602739726,0.011830635118306352,0.008717310087173101,0.009962640099626401,0.011830635118306352,0.016811955168119553,0.010585305105853052,0.0,0.0186799501867995,0.012453300124533,0.014943960149439602,0.015566625155666251,0.016811955168119553,0.008717310087173101,0.00809464508094645,0.02054794520547945,0.016811955168119553,0.0273972602739726,0.013075965130759652,0.007471980074719801,0.026151930261519303,0.015566625155666251,0.011830635118306352,0.0024906600249066002,0.031133250311332503,0.016811955168119553,0.0224159402241594,0.026151930261519303,0.019925280199252802,0.024283935242839352,0.026151930261519303,0.019925280199252802,0.052303860523038606
VCV000928759.8,0,c.117C>T,substitution,VCV000928759,Likely benign,"criteria provided, multiple submitters, no conflicts",not provided; not specified,5226775,challenge,ClinVar,0.019302615193026153,0.013075965130759652,0.019925280199252802,0.02303860523038605,0.019302615193026153,0.00933997509339975,0.00311332503113325,0.016811955168119553,0.011830635118306352,0.00684931506849315,0.017434620174346202,0.014321295143212951,0.024283935242839352,0.013075965130759652,0.016811955168119553,0.026151930261519303,0.017434620174346202,0.013075965130759652,0.013075965130759652,0.019302615193026153,0.010585305105853052,0.0112079701120797,0.0012453300124533001,0.019925280199252802,0.0006226650062266501,0.0018679950186799503,0.0006226650062266501,0.00311332503113325,0.016811955168119553,0.014321295143212951,0.028019925280199254,0.0273972602739726,0.011830635118306352,0.008717310087173101,0.009962640099626401,0.011830635118306352,0.016811955168119553,0.010585305105853052,0.0,0.0186799501867995,0.012453300124533,0.014943960149439602,0.015566625155666251,0.016811955168119553,0.008717310087173101,0.00809464508094645,0.02054794520547945,0.016811955168119553,0.0273972602739726,0.013075965130759652,0.007471980074719801,0.026151930261519303,0.0161892901618929,0.011830635118306352,0.0018679950186799503,0.031133250311332503,0.017434620174346202,0.0224159402241594,0.026151930261519303,0.019925280199252802,0.024283935242839352,0.025529265255292654,0.02054794520547945,0.05292652552926526
VCV000496008.12,0,NM_000518.5(HBB):c.93-6C>T,substitution,VCV000496008,Likely benign,"criteria provided, multiple submitters, no conflicts",not provided; not specified,5226805,train,ClinVar,0.019302615193026153,0.013075965130759652,0.019925280199252802,0.02303860523038605,0.019302615193026153,0.00933997509339975,0.00311332503113325,0.016811955168119553,0.011830635118306352,0.00684931506849315,0.017434620174346202,0.014321295143212951,0.024283935242839352,0.013075965130759652,0.016811955168119553,0.026151930261519303,0.017434620174346202,0.013075965130759652,0.013075965130759652,0.019302615193026153,0.0112079701120797,0.0112079701120797,0.0012453300124533001,0.019302615193026153,0.0006226650062266501,0.0018679950186799503,0.0006226650062266501,0.00311332503113325,0.016811955168119553,0.014321295143212951,0.028019925280199254,0.0273972602739726,0.011830635118306352,0.008717310087173101,0.009962640099626401,0.011830635118306352,0.016811955168119553,0.010585305105853052,0.0,0.0186799501867995,0.012453300124533,0.014943960149439602,0.015566625155666251,0.016811955168119553,0.008717310087173101,0.00809464508094645,0.02054794520547945,0.016811955168119553,0.0273972602739726,0.013075965130759652,0.007471980074719801,0.026151930261519303,0.015566625155666251,0.011830635118306352,0.0018679950186799503,0.031755915317559155,0.017434620174346202,0.0224159402241594,0.026151930261519303,0.019925280199252802,0.024283935242839352,0.025529265255292654,0.02054794520547945,0.05292652552926526
VCV000256348.11,0,NM_000518.5(HBB):c.93-15T>C,substitution,VCV000256348,Likely benign,"criteria provided, multiple submitters, no conflicts",not provided; not specified,5226814,challenge,ClinVar,0.019302615193026153,0.013075965130759652,0.019925280199252802,0.02303860523038605,0.019302615193026153,0.009962640099626401,0.00311332503113325,0.016811955168119553,0.011830635118306352,0.00684931506849315,0.017434620174346202,0.014321295143212951,0.024283935242839352,0.013075965130759652,0.016811955168119553,0.025529265255292654,0.017434620174346202,0.013075965130759652,0.013075965130759652,0.019302615193026153,0.0112079701120797,0.011830635118306352,0.0012453300124533001,0.019925280199252802,0.0006226650062266501,0.0018679950186799503,0.0006226650062266501,0.00311332503113325,0.016811955168119553,0.0136986301369863,0.028019925280199254,0.028019925280199254,0.011830635118306352,0.008717310087173101,0.009962640099626401,0.011830635118306352,0.016811955168119553,0.010585305105853052,0.0,0.0186799501867995,0.012453300124533,0.014943960149439602,0.015566625155666251,0.016811955168119553,0.008717310087173101,0.00809464508094645,0.02054794520547945,0.016811955168119553,0.0273972602739726,0.0136986301369863,0.007471980074719801,0.025529265255292654,0.015566625155666251,0.011830635118306352,0.0018679950186799503,0.031133250311332503,0.017434620174346202,0.0224159402241594,0.026151930261519303,0.019925280199252802,0.024283935242839352,0.025529265255292654,0.02054794520547945,0.052303860523038606
VCV000496009.13,0,NM_000518.5(HBB):c.93-24A>G,substitution,VCV000496009,Likely benign,"criteria provided, multiple submitters, no conflicts",not provided; not specified,5226823,train,ClinVar,0.019302615193026153,0.013075965130759652,0.019925280199252802,0.02303860523038605,0.019302615193026153,0.009962640099626401,0.00311332503113325,0.0161892901618929,0.011830635118306352,0.00684931506849315,0.017434620174346202,0.014321295143212951,0.024283935242839352,0.013075965130759652,0.016811955168119553,0.025529265255292654,0.017434620174346202,0.013075965130759652,0.013075965130759652,0.019302615193026153,0.0112079701120797,0.011830635118306352,0.0012453300124533001,0.019925280199252802,0.0006226650062266501,0.0018679950186799503,0.0006226650062266501,0.00311332503113325,0.0161892901618929,0.0136986301369863,0.028642590286425903,0.0273972602739726,0.011830635118306352,0.008717310087173101,0.009962640099626401,0.011830635118306352,0.016811955168119553,0.010585305105853052,0.0,0.0186799501867995,0.012453300124533,0.014943960149439602,0.015566625155666251,0.016811955168119553,0.008717310087173101,0.00809464508094645,0.02054794520547945,0.017434620174346202,0.0273972602739726,0.013075965130759652,0.007471980074719801,0.025529265255292654,0.015566625155666251,0.011830635118306352,0.0018679950186799503,0.031133250311332503,0.017434620174346202,0.0224159402241594,0.026151930261519303,0.02054794520547945,0.024283935242839352,0.025529265255292654,0.02054794520547945,0.05292652552926526
VCV000796462.19,0,NM_000518.5(HBB):c.93-40C>T,substitution,VCV000796462,Likely benign,"criteria provided, multiple submitters, no conflicts",not provided; not specified,5226839,train,ClinVar,0.019302615193026153,0.013075965130759652,0.019925280199252802,0.02303860523038605,0.019302615193026153,0.009962640099626401,0.00311332503113325,0.015566625155666251,0.011830635118306352,0.00684931506849315,0.017434620174346202,0.014321295143212951,0.024283935242839352,0.013075965130759652,0.016811955168119553,0.026774595267745952,0.017434620174346202,0.012453300124533,0.013075965130759652,0.019925280199252802,0.0112079701120797,0.011830635118306352,0.0012453300124533001,0.019925280199252802,0.0006226650062266501,0.0018679950186799503,0.0006226650062266501,0.00311332503113325,0.016811955168119553,0.0136986301369863,0.0273972602739726,0.0273972602739726,0.011830635118306352,0.008717310087173101,0.009962640099626401,0.011830635118306352,0.016811955168119553,0.010585305105853052,0.0,0.0186799501867995,0.012453300124533,0.014943960149439602,0.015566625155666251,0.016811955168119553,0.008717310087173101,0.00809464508094645,0.02054794520547945,0.016811955168119553,0.0273972602739726,0.013075965130759652,0.007471980074719801,0.026151930261519303,0.015566625155666251,0.011830635118306352,0.0018679950186799503,0.031133250311332503,0.017434620174346202,0.0224159402241594,0.026151930261519303,0.019925280199252802,0.024283935242839352,0.025529265255292654,0.021170610211706103,0.05292652552926526
VCV001153019.10,0,NM_000518.5(HBB):c.92+12G>A,substitution,VCV001153019,Likely benign,"criteria provided, multiple submitters, no conflicts",not provided; not specified,5226918,train,ClinVar,0.019925280199252802,0.013075965130759652,0.019925280199252802,0.02303860523038605,0.019302615193026153,0.009962640099626401,0.00311332503113325,0.0161892901618929,0.011830635118306352,0.00684931506849315,0.016811955168119553,0.014943960149439602,0.024283935242839352,0.013075965130759652,0.016811955168119553,0.026151930261519303,0.017434620174346202,0.013075965130759652,0.013075965130759652,0.019302615193026153,0.0112079701120797,0.011830635118306352,0.0012453300124533001,0.019925280199252802,0.0006226650062266501,0.0018679950186799503,0.0006226650062266501,0.00311332503113325,0.016811955168119553,0.0136986301369863,0.028019925280199254,0.0273972602739726,0.011830635118306352,0.008717310087173101,0.009962640099626401,0.011830635118306352,0.016811955168119553,0.010585305105853052,0.0,0.0186799501867995,0.012453300124533,0.014943960149439602,0.015566625155666251,0.0161892901618929,0.008717310087173101,0.00809464508094645,0.02054794520547945,0.016811955168119553,0.0273972602739726,0.013075965130759652,0.007471980074719801,0.026151930261519303,0.015566625155666251,0.011830635118306352,0.0018679950186799503,0.031133250311332503,0.017434620174346202,0.0224159402241594,0.026151930261519303,0.019925280199252802,0.024283935242839352,0.025529265255292654,0.02054794520547945,0.05292652552926526
VCV000439781.20,0,c.84C>T,substitution,VCV000439781,Likely benign,"criteria provided, multiple submitters, no conflicts",not provided; not specified,5226938,train,ClinVar,0.019302615193026153,0.013075965130759652,0.019925280199252802,0.02303860523038605,0.019302615193026153,0.009962640099626401,0.00311332503113325,0.0161892901618929,0.011830635118306352,0.00684931506849315,0.017434620174346202,0.014321295143212951,0.024283935242839352,0.013075965130759652,0.016811955168119553,0.026151930261519303,0.017434620174346202,0.013075965130759652,0.013075965130759652,0.019302615193026153,0.0112079701120797,0.0112079701120797,0.0012453300124533001,0.019302615193026153,0.0006226650062266501,0.0018679950186799503,0.0006226650062266501,0.00311332503113325,0.016811955168119553,0.014321295143212951,0.028019925280199254,0.0273972602739726,0.011830635118306352,0.008717310087173101,0.009962640099626401,0.011830635118306352,0.016811955168119553,0.009962640099626401,0.0,0.019302615193026153,0.012453300124533,0.014943960149439602,0.015566625155666251,0.016811955168119553,0.008717310087173101,0.00809464508094645,0.02054794520547945,0.016811955168119553,0.0273972602739726,0.013075965130759652,0.007471980074719801,0.026151930261519303,0.015566625155666251,0.011830635118306352,0.0018679950186799503,0.031755915317559155,0.017434620174346202,0.0224159402241594,0.026151930261519303,0.019925280199252802,0.024283935242839352,0.025529265255292654,0.02054794520547945,0.05292652552926526
VCV001635143.9,0,c.78T>G,substitution,VCV001635143,Likely benign,"criteria provided, multiple submitters, no conflicts",not provided,5226944,train,ClinVar,0.019302615193026153,0.013075965130759652,0.019925280199252802,0.02303860523038605,0.019302615193026153,0.009962640099626401,0.00311332503113325,0.0161892901618929,0.011830635118306352,0.00684931506849315,0.017434620174346202,0.014321295143212951,0.024283935242839352,0.013075965130759652,0.016811955168119553,0.026151930261519303,0.017434620174346202,0.013075965130759652,0.013075965130759652,0.019302615193026153,0.0112079701120797,0.011830635118306352,0.0012453300124533001,0.019925280199252802,0.0006226650062266501,0.0018679950186799503,0.0006226650062266501,0.00311332503113325,0.016811955168119553,0.0136986301369863,0.028019925280199254,0.0273972602739726,0.011830635118306352,0.008717310087173101,0.009962640099626401,0.011830635118306352,0.016811955168119553,0.010585305105853052,0.0,0.0186799501867995,0.013075965130759652,0.014943960149439602,0.016811955168119553,0.0161892901618929,0.008717310087173101,0.00809464508094645,0.019925280199252802,0.016811955168119553,0.0273972602739726,0.013075965130759652,0.007471980074719801,0.026151930261519303,0.015566625155666251,0.011830635118306352,0.0018679950186799503,0.031133250311332503,0.016811955168119553,0.0224159402241594,0.026151930261519303,0.019925280199252802,0.024283935242839352,0.025529265255292654,0.02054794520547945,0.05292652552926526
VCV000440467.18,0,c.45G>A,substitution,VCV000440467,Likely benign,"criteria provided, multiple submitters, no conflicts",Inborn genetic diseases; not provided; not specified,5226977,train,ClinVar,0.019302615193026153,0.013075965130759652,0.019925280199252802,0.02303860523038605,0.019302615193026153,0.009962640099626401,0.00311332503113325,0.0161892901618929,0.011830635118306352,0.00684931506849315,0.017434620174346202,0.014321295143212951,0.024283935242839352,0.013075965130759652,0.017434620174346202,0.026151930261519303,0.017434620174346202,0.013075965130759652,0.013075965130759652,0.019302615193026153,0.0112079701120797,0.011830635118306352,0.0012453300124533001,0.019925280199252802,0.0006226650062266501,0.0018679950186799503,0.0006226650062266501,0.00311332503113325,0.017434620174346202,0.0136986301369863,0.0273972602739726,0.0273972602739726,0.011830635118306352,0.008717310087173101,0.009962640099626401,0.011830635118306352,0.016811955168119553,0.010585305105853052,0.0,0.0186799501867995,0.012453300124533,0.014943960149439602,0.015566625155666251,0.016811955168119553,0.008717310087173101,0.00809464508094645,0.019925280199252802,0.016811955168119553,0.0273972602739726,0.013075965130759652,0.007471980074719801,0.026774595267745952,0.015566625155666251,0.011830635118306352,0.0018679950186799503,0.031133250311332503,0.017434620174346202,0.0224159402241594,0.026151930261519303,0.019302615193026153,0.024283935242839352,0.025529265255292654,0.02054794520547945,0.05292652552926526
VCV000495999.5,0,c.39T>C,substitution,VCV000495999,Likely benign,"criteria provided, multiple submitters, no conflicts",not provided; not specified,5226983,train,ClinVar,0.019302615193026153,0.013075965130759652,0.019925280199252802,0.02303860523038605,0.019302615193026153,0.010585305105853052,0.00311332503113325,0.015566625155666251,0.011830635118306352,0.00684931506849315,0.017434620174346202,0.014321295143212951,0.024283935242839352,0.013075965130759652,0.016811955168119553,0.026151930261519303,0.017434620174346202,0.013075965130759652,0.013075965130759652,0.019302615193026153,0.0112079701120797,0.011830635118306352,0.0018679950186799503,0.019925280199252802,0.0006226650062266501,0.0024906600249066002,0.0006226650062266501,0.00311332503113325,0.016811955168119553,0.0136986301369863,0.0273972602739726,0.0273972602739726,0.011830635118306352,0.008717310087173101,0.009962640099626401,0.011830635118306352,0.016811955168119553,0.010585305105853052,0.0,0.0186799501867995,0.012453300124533,0.014943960149439602,0.015566625155666251,0.016811955168119553,0.008717310087173101,0.00809464508094645,0.02054794520547945,0.016811955168119553,0.0273972602739726,0.013075965130759652,0.007471980074719801,0.026151930261519303,0.015566625155666251,0.011830635118306352,0.0018679950186799503,0.031133250311332503,0.017434620174346202,0.021793275217932753,0.026151930261519303,0.019925280199252802,0.024283935242839352,0.025529265255292654,0.02054794520547945,0.05292652552926526
VCV000439156.14,0,c.33C>T,substitution,VCV000439156,Likely benign,"criteria provided, multiple submitters, no conflicts",Inborn genetic diseases; not provided; not specified,5226989,train,ClinVar,0.019302615193026153,0.013075965130759652,0.019925280199252802,0.02303860523038605,0.019302615193026153,0.009962640099626401,0.00311332503113325,0.0161892901618929,0.011830635118306352,0.00684931506849315,0.017434620174346202,0.014321295143212951,0.024283935242839352,0.013075965130759652,0.016811955168119553,0.026151930261519303,0.017434620174346202,0.013075965130759652,0.013075965130759652,0.019302615193026153,0.0112079701120797,0.011830635118306352,0.0006226650062266501,0.019925280199252802,0.0006226650062266501,0.0018679950186799503,0.0006226650062266501,0.0024906600249066002,0.016811955168119553,0.0136986301369863,0.028642590286425903,0.0273972602739726,0.011830635118306352,0.008717310087173101,0.009962640099626401,0.011830635118306352,0.016811955168119553,0.009962640099626401,0.0,0.019302615193026153,0.012453300124533,0.014943960149439602,0.015566625155666251,0.016811955168119553,0.008717310087173101,0.00809464508094645,0.02054794520547945,0.016811955168119553,0.0273972602739726,0.013075965130759652,0.007471980074719801,0.026151930261519303,0.015566625155666251,0.011830635118306352,0.0018679950186799503,0.031133250311332503,0.017434620174346202,0.0224159402241594,0.026151930261519303,0.02054794520547945,0.024283935242839352,0.025529265255292654,0.02054794520547945,0.05292652552926526
VCV000015316.17,0,c.29C>G,substitution,VCV000015316,Benign/Likely benign,"criteria provided, multiple submitters, no conflicts",not provided; not specified,5226993,train,ClinVar,0.019302615193026153,0.013075965130759652,0.019925280199252802,0.02303860523038605,0.019302615193026153,0.009962640099626401,0.00311332503113325,0.0161892901618929,0.011830635118306352,0.00684931506849315,0.017434620174346202,0.014321295143212951,0.024283935242839352,0.013075965130759652,0.016811955168119553,0.026151930261519303,0.017434620174346202,0.013075965130759652,0.013075965130759652,0.019302615193026153,0.0112079701120797,0.011830635118306352,0.0012453300124533001,0.019925280199252802,0.0006226650062266501,0.0018679950186799503,0.0006226650062266501,0.00311332503113325,0.016811955168119553,0.0136986301369863,0.0273972602739726,0.0273972602739726,0.011830635118306352,0.008717310087173101,0.009962640099626401,0.011830635118306352,0.016811955168119553,0.010585305105853052,0.0,0.0186799501867995,0.012453300124533,0.014943960149439602,0.015566625155666251,0.016811955168119553,0.008717310087173101,0.007471980074719801,0.021793275217932753,0.016811955168119553,0.0273972602739726,0.013075965130759652,0.007471980074719801,0.026151930261519303,0.015566625155666251,0.011830635118306352,0.0018679950186799503,0.030510585305105854,0.017434620174346202,0.0224159402241594,0.026151930261519303,0.02054794520547945,0.024283935242839352,0.025529265255292654,0.02054794520547945,0.05292652552926526
VCV001568873.9,0,c.27G>A,substitution,VCV001568873,Likely benign,"criteria provided, multiple submitters, no conflicts",not provided; not specified,5226995,challenge,ClinVar,0.019925280199252802,0.013075965130759652,0.019302615193026153,0.023661270236612703,0.019302615193026153,0.009962640099626401,0.00311332503113325,0.0161892901618929,0.011830635118306352,0.00684931506849315,0.017434620174346202,0.0136986301369863,0.024283935242839352,0.0136986301369863,0.016811955168119553,0.026151930261519303,0.017434620174346202,0.013075965130759652,0.013075965130759652,0.019302615193026153,0.0112079701120797,0.011830635118306352,0.0012453300124533001,0.019925280199252802,0.0006226650062266501,0.0018679950186799503,0.0006226650062266501,0.00311332503113325,0.016811955168119553,0.0136986301369863,0.028019925280199254,0.0273972602739726,0.011830635118306352,0.008717310087173101,0.009962640099626401,0.011830635118306352,0.016811955168119553,0.010585305105853052,0.0,0.0186799501867995,0.012453300124533,0.014943960149439602,0.015566625155666251,0.016811955168119553,0.008717310087173101,0.007471980074719801,0.02054794520547945,0.016811955168119553,0.0273972602739726,0.013075965130759652,0.007471980074719801,0.026151930261519303,0.015566625155666251,0.011830635118306352,0.0018679950186799503,0.031133250311332503,0.017434620174346202,0.0224159402241594,0.026151930261519303,0.019925280199252802,0.024283935242839352,0.025529265255292654,0.02054794520547945,0.05292652552926526
VCV000015176.23,0,c.23A>G,substitution,VCV000015176,Likely benign,"criteria provided, multiple submitters, no conflicts",not provided; not specified,5226999,train,ClinVar,0.019302615193026153,0.013075965130759652,0.019925280199252802,0.02303860523038605,0.019302615193026153,0.009962640099626401,0.00311332503113325,0.0161892901618929,0.0112079701120797,0.00684931506849315,0.017434620174346202,0.014321295143212951,0.024283935242839352,0.013075965130759652,0.016811955168119553,0.026151930261519303,0.017434620174346202,0.013075965130759652,0.013075965130759652,0.019302615193026153,0.0112079701120797,0.011830635118306352,0.0012453300124533001,0.019925280199252802,0.0006226650062266501,0.0018679950186799503,0.0006226650062266501,0.00311332503113325,0.016811955168119553,0.0136986301369863,0.028019925280199254,0.0273972602739726,0.011830635118306352,0.008717310087173101,0.00933997509339975,0.011830635118306352,0.016811955168119553,0.010585305105853052,0.0,0.0186799501867995,0.012453300124533,0.014943960149439602,0.016811955168119553,0.016811955168119553,0.008717310087173101,0.00809464508094645,0.02054794520547945,0.016811955168119553,0.0273972602739726,0.013075965130759652,0.007471980074719801,0.026151930261519303,0.015566625155666251,0.011830635118306352,0.0018679950186799503,0.031133250311332503,0.017434620174346202,0.0224159402241594,0.026151930261519303,0.019925280199252802,0.024283935242839352,0.025529265255292654,0.02054794520547945,0.05292652552926526
VCV000933190.4,0,c.21G>A,substitution,VCV000933190,Likely benign,"criteria provided, multiple submitters, no conflicts",not provided; not specified,5227001,train,ClinVar,0.019302615193026153,0.013075965130759652,0.02054794520547945,0.02303860523038605,0.019302615193026153,0.009962640099626401,0.00311332503113325,0.0161892901618929,0.012453300124533,0.00684931506849315,0.016811955168119553,0.014321295143212951,0.024283935242839352,0.013075965130759652,0.016811955168119553,0.026151930261519303,0.017434620174346202,0.013075965130759652,0.013075965130759652,0.019302615193026153,0.0112079701120797,0.011830635118306352,0.0012453300124533001,0.019925280199252802,0.0006226650062266501,0.0018679950186799503,0.0006226650062266501,0.00311332503113325,0.016811955168119553,0.0136986301369863,0.028019925280199254,0.0273972602739726,0.012453300124533,0.008717310087173101,0.00933997509339975,0.011830635118306352,0.016811955168119553,0.010585305105853052,0.0,0.0186799501867995,0.011830635118306352,0.014943960149439602,0.015566625155666251,0.016811955168119553,0.008717310087173101,0.00809464508094645,0.02054794520547945,0.016811955168119553,0.0273972602739726,0.013075965130759652,0.007471980074719801,0.026151930261519303,0.015566625155666251,0.011830635118306352,0.0018679950186799503,0.031133250311332503,0.017434620174346202,0.0224159402241594,0.026151930261519303,0.019925280199252802,0.024283935242839352,0.025529265255292654,0.02054794520547945,0.05292652552926526
VCV000193106.49,0,c.9T>C,substitution,VCV000193106,Benign,"criteria provided, multiple submitters, no conflicts","Beta-thalassemia HBB/LCRB; Dominant beta-thalassemia; Erythrocytosis, familial, 6; Fetal hemoglobin quantitative trait locus 1; Hb SS disease; Hb SS disease; Heinz body anemia; Hemoglobin E; Hereditary persistence of fetal hemoglobin; Inborn genetic diseases; METHEMOGLOBINEMIA, BETA TYPE; Malaria, susceptibility to; alpha Thalassemia; beta Thalassemia; not provided; not specified",5227013,train,ClinVar,0.019302615193026153,0.013075965130759652,0.019925280199252802,0.02303860523038605,0.019302615193026153,0.010585305105853052,0.00311332503113325,0.0161892901618929,0.011830635118306352,0.00684931506849315,0.017434620174346202,0.014321295143212951,0.024283935242839352,0.012453300124533,0.016811955168119553,0.026151930261519303,0.017434620174346202,0.0136986301369863,0.013075965130759652,0.0186799501867995,0.0112079701120797,0.011830635118306352,0.0012453300124533001,0.02054794520547945,0.0006226650062266501,0.0018679950186799503,0.0006226650062266501,0.00311332503113325,0.016811955168119553,0.0136986301369863,0.028019925280199254,0.0273972602739726,0.011830635118306352,0.008717310087173101,0.009962640099626401,0.011830635118306352,0.016811955168119553,0.010585305105853052,0.0,0.0186799501867995,0.012453300124533,0.014943960149439602,0.015566625155666251,0.016811955168119553,0.008717310087173101,0.00809464508094645,0.02054794520547945,0.016811955168119553,0.0273972602739726,0.013075965130759652,0.007471980074719801,0.026151930261519303,0.015566625155666251,0.011830635118306352,0.0018679950186799503,0.030510585305105854,0.017434620174346202,0.0224159402241594,0.026151930261519303,0.019925280199252802,0.024283935242839352,0.025529265255292654,0.02054794520547945,0.05292652552926526
VCV000495994.6,0,c.6G>A,substitution,VCV000495994,Likely benign,"criteria provided, multiple submitters, no conflicts",not provided; not specified,5227016,train,ClinVar,0.019302615193026153,0.013075965130759652,0.019925280199252802,0.02303860523038605,0.019925280199252802,0.009962640099626401,0.00311332503113325,0.0161892901618929,0.011830635118306352,0.00684931506849315,0.017434620174346202,0.014321295143212951,0.024283935242839352,0.013075965130759652,0.016811955168119553,0.026151930261519303,0.017434620174346202,0.013075965130759652,0.013075965130759652,0.019302615193026153,0.0112079701120797,0.011830635118306352,0.0012453300124533001,0.019925280199252802,0.0006226650062266501,0.0018679950186799503,0.0006226650062266501,0.00311332503113325,0.016811955168119553,0.0136986301369863,0.028019925280199254,0.0273972602739726,0.011830635118306352,0.008717310087173101,0.009962640099626401,0.011830635118306352,0.0161892901618929,0.010585305105853052,0.0,0.0186799501867995,0.012453300124533,0.014943960149439602,0.015566625155666251,0.016811955168119553,0.00933997509339975,0.00809464508094645,0.019925280199252802,0.016811955168119553,0.0273972602739726,0.0136986301369863,0.007471980074719801,0.026151930261519303,0.015566625155666251,0.011830635118306352,0.0018679950186799503,0.031133250311332503,0.017434620174346202,0.021793275217932753,0.026151930261519303,0.019925280199252802,0.024283935242839352,0.025529265255292654,0.02054794520547945,0.05292652552926526
VCV000015473.17,1,NM_000518.5(HBB):c.*113A>G,substitution,VCV000015473,Pathogenic,"criteria provided, multiple submitters, no conflicts",beta Thalassemia; not provided,5225485,challenge,ClinVar,0.017434620174346202,0.013075965130759652,0.02054794520547945,0.02303860523038605,0.019302615193026153,0.009962640099626401,0.00311332503113325,0.0161892901618929,0.012453300124533,0.00684931506849315,0.017434620174346202,0.014321295143212951,0.024283935242839352,0.013075965130759652,0.016811955168119553,0.026151930261519303,0.017434620174346202,0.013075965130759652,0.013075965130759652,0.019302615193026153,0.0112079701120797,0.011830635118306352,0.0012453300124533001,0.019925280199252802,0.0006226650062266501,0.0018679950186799503,0.0006226650062266501,0.00311332503113325,0.016811955168119553,0.0136986301369863,0.028019925280199254,0.0273972602739726,0.012453300124533,0.008717310087173101,0.009962640099626401,0.011830635118306352,0.016811955168119553,0.010585305105853052,0.0,0.0186799501867995,0.012453300124533,0.014943960149439602,0.015566625155666251,0.016811955168119553,0.008717310087173101,0.00809464508094645,0.02054794520547945,0.016811955168119553,0.0273972602739726,0.013075965130759652,0.007471980074719801,0.026151930261519303,0.015566625155666251,0.011830635118306352,0.0018679950186799503,0.031133250311332503,0.017434620174346202,0.0224159402241594,0.026151930261519303,0.019925280199252802,0.024283935242839352,0.025529265255292654,0.02054794520547945,0.05292652552926526
VCV000015476.11,1,NM_000518.5(HBB):c.*112A>G,substitution,VCV000015476,Pathogenic/Likely pathogenic,"criteria provided, multiple submitters, no conflicts",Beta-thalassemia HBB/LCRB; beta Thalassemia; not provided,5225486,train,ClinVar,0.01805728518057285,0.013075965130759652,0.019925280199252802,0.02303860523038605,0.019302615193026153,0.009962640099626401,0.00311332503113325,0.0161892901618929,0.012453300124533,0.00684931506849315,0.017434620174346202,0.014321295143212951,0.024283935242839352,0.013075965130759652,0.016811955168119553,0.026151930261519303,0.017434620174346202,0.013075965130759652,0.013075965130759652,0.019302615193026153,0.0112079701120797,0.011830635118306352,0.0012453300124533001,0.019925280199252802,0.0006226650062266501,0.0018679950186799503,0.0006226650062266501,0.00311332503113325,0.016811955168119553,0.0136986301369863,0.028019925280199254,0.0273972602739726,0.012453300124533,0.008717310087173101,0.009962640099626401,0.011830635118306352,0.016811955168119553,0.010585305105853052,0.0,0.0186799501867995,0.012453300124533,0.014943960149439602,0.015566625155666251,0.016811955168119553,0.008717310087173101,0.00809464508094645,0.02054794520547945,0.016811955168119553,0.026774595267745952,0.013075965130759652,0.00809464508094645,0.026151930261519303,0.015566625155666251,0.011830635118306352,0.0018679950186799503,0.031133250311332503,0.017434620174346202,0.0224159402241594,0.026151930261519303,0.019925280199252802,0.024283935242839352,0.025529265255292654,0.02054794520547945,0.05292652552926526
VCV000015488.32,1,NM_000518.5(HBB):c.*111A>G,substitution,VCV000015488,Pathogenic,reviewed by expert panel,Beta-thalassemia HBB/LCRB,5225487,challenge,ClinVar,0.0186799501867995,0.013075965130759652,0.019925280199252802,0.02303860523038605,0.019302615193026153,0.009962640099626401,0.00311332503113325,0.0161892901618929,0.011830635118306352,0.00684931506849315,0.017434620174346202,0.014321295143212951,0.023661270236612703,0.013075965130759652,0.017434620174346202,0.026151930261519303,0.017434620174346202,0.013075965130759652,0.013075965130759652,0.019302615193026153,0.0112079701120797,0.011830635118306352,0.0012453300124533001,0.019925280199252802,0.0006226650062266501,0.0018679950186799503,0.0006226650062266501,0.00311332503113325,0.016811955168119553,0.0136986301369863,0.028019925280199254,0.0273972602739726,0.012453300124533,0.008717310087173101,0.009962640099626401,0.011830635118306352,0.016811955168119553,0.010585305105853052,0.0,0.0186799501867995,0.012453300124533,0.014943960149439602,0.015566625155666251,0.016811955168119553,0.008717310087173101,0.00809464508094645,0.02054794520547945,0.016811955168119553,0.026774595267745952,0.013075965130759652,0.007471980074719801,0.026151930261519303,0.015566625155666251,0.011830635118306352,0.0018679950186799503,0.031133250311332503,0.01805728518057285,0.0224159402241594,0.026151930261519303,0.019925280199252802,0.024283935242839352,0.025529265255292654,0.02054794520547945,0.05292652552926526
VCV000393707.12,1,NM_000518.5(HBB):c.*6C>G,substitution,VCV000393707,Pathogenic/Likely pathogenic,"criteria provided, multiple submitters, no conflicts",Beta thalassemia intermedia; beta Thalassemia; not provided,5225592,train,ClinVar,0.019302615193026153,0.013075965130759652,0.019925280199252802,0.02303860523038605,0.019302615193026153,0.009962640099626401,0.00311332503113325,0.0161892901618929,0.011830635118306352,0.00684931506849315,0.017434620174346202,0.014321295143212951,0.024283935242839352,0.013075965130759652,0.016811955168119553,0.026151930261519303,0.017434620174346202,0.013075965130759652,0.013075965130759652,0.019302615193026153,0.0112079701120797,0.011830635118306352,0.0012453300124533001,0.019925280199252802,0.0006226650062266501,0.0012453300124533001,0.0012453300124533001,0.00311332503113325,0.016811955168119553,0.0136986301369863,0.028019925280199254,0.026774595267745952,0.011830635118306352,0.008717310087173101,0.009962640099626401,0.011830635118306352,0.016811955168119553,0.010585305105853052,0.0,0.01805728518057285,0.012453300124533,0.014943960149439602,0.015566625155666251,0.017434620174346202,0.008717310087173101,0.00809464508094645,0.02054794520547945,0.017434620174346202,0.0273972602739726,0.013075965130759652,0.007471980074719801,0.026151930261519303,0.015566625155666251,0.011830635118306352,0.0018679950186799503,0.031133250311332503,0.017434620174346202,0.0224159402241594,0.026151930261519303,0.019925280199252802,0.024283935242839352,0.025529265255292654,0.02054794520547945,0.05292652552926526
VCV000015090.12,1,c.431A>G,substitution,VCV000015090,Pathogenic/Likely pathogenic,"criteria provided, multiple submitters, no conflicts",beta Thalassemia; not provided,5225611,challenge,ClinVar,0.019302615193026153,0.013075965130759652,0.019925280199252802,0.02303860523038605,0.0186799501867995,0.009962640099626401,0.00311332503113325,0.0161892901618929,0.011830635118306352,0.00684931506849315,0.017434620174346202,0.014321295143212951,0.024283935242839352,0.013075965130759652,0.016811955168119553,0.026151930261519303,0.017434620174346202,0.012453300124533,0.013075965130759652,0.019302615193026153,0.010585305105853052,0.011830635118306352,0.0018679950186799503,0.019925280199252802,0.0006226650062266501,0.0024906600249066002,0.0006226650062266501,0.00311332503113325,0.016811955168119553,0.0136986301369863,0.028019925280199254,0.0273972602739726,0.011830635118306352,0.008717310087173101,0.009962640099626401,0.011830635118306352,0.017434620174346202,0.010585305105853052,0.0,0.0186799501867995,0.012453300124533,0.014943960149439602,0.015566625155666251,0.016811955168119553,0.008717310087173101,0.00809464508094645,0.02054794520547945,0.016811955168119553,0.0273972602739726,0.013075965130759652,0.007471980074719801,0.026151930261519303,0.015566625155666251,0.011830635118306352,0.0018679950186799503,0.031133250311332503,0.017434620174346202,0.0224159402241594,0.026151930261519303,0.019925280199252802,0.024283935242839352,0.025529265255292654,0.02054794520547945,0.05292652552926526
VCV001705074.4,1,c.382C>T,substitution,VCV001705074,Pathogenic,"criteria provided, multiple submitters, no conflicts",Dominant beta-thalassemia; not provided,5225660,train,ClinVar,0.019302615193026153,0.013075965130759652,0.019925280199252802,0.02303860523038605,0.019302615193026153,0.009962640099626401,0.00311332503113325,0.0161892901618929,0.011830635118306352,0.00684931506849315,0.017434620174346202,0.014321295143212951,0.024283935242839352,0.013075965130759652,0.016811955168119553,0.026151930261519303,0.017434620174346202,0.013075965130759652,0.012453300124533,0.019302615193026153,0.0112079701120797,0.011830635118306352,0.0012453300124533001,0.019925280199252802,0.0006226650062266501,0.0018679950186799503,0.0006226650062266501,0.00311332503113325,0.016811955168119553,0.0136986301369863,0.028019925280199254,0.0273972602739726,0.011830635118306352,0.008717310087173101,0.009962640099626401,0.011830635118306352,0.0161892901618929,0.010585305105853052,0.0,0.0186799501867995,0.012453300124533,0.014943960149439602,0.015566625155666251,0.016811955168119553,0.00933997509339975,0.00809464508094645,0.02054794520547945,0.016811955168119553,0.0273972602739726,0.013075965130759652,0.00809464508094645,0.026151930261519303,0.015566625155666251,0.011830635118306352,0.0018679950186799503,0.031133250311332503,0.017434620174346202,0.021793275217932753,0.026151930261519303,0.02054794520547945,0.024283935242839352,0.025529265255292654,0.02054794520547945,0.05292652552926526
VCV000015526.6,1,c.347C>A,substitution,VCV000015526,Pathogenic,"criteria provided, multiple submitters, no conflicts",Dominant beta-thalassemia; not provided,5225695,train,ClinVar,0.019302615193026153,0.013075965130759652,0.019925280199252802,0.02303860523038605,0.019302615193026153,0.010585305105853052,0.00311332503113325,0.0161892901618929,0.011830635118306352,0.00684931506849315,0.017434620174346202,0.014321295143212951,0.024283935242839352,0.013075965130759652,0.016811955168119553,0.026151930261519303,0.017434620174346202,0.013075965130759652,0.013075965130759652,0.019302615193026153,0.0112079701120797,0.0112079701120797,0.0012453300124533001,0.019925280199252802,0.0006226650062266501,0.0018679950186799503,0.0006226650062266501,0.00311332503113325,0.016811955168119553,0.0136986301369863,0.028019925280199254,0.0273972602739726,0.011830635118306352,0.00933997509339975,0.009962640099626401,0.011830635118306352,0.016811955168119553,0.009962640099626401,0.0,0.0186799501867995,0.013075965130759652,0.014321295143212951,0.015566625155666251,0.016811955168119553,0.008717310087173101,0.00809464508094645,0.02054794520547945,0.016811955168119553,0.0273972602739726,0.013075965130759652,0.007471980074719801,0.026151930261519303,0.015566625155666251,0.011830635118306352,0.0018679950186799503,0.031133250311332503,0.017434620174346202,0.0224159402241594,0.026151930261519303,0.019925280199252802,0.024283935242839352,0.025529265255292654,0.02054794520547945,0.05292652552926526
VCV002735520.3,1,c.323G>A,substitution,VCV002735520,Likely pathogenic,"criteria provided, multiple submitters, no conflicts",beta Thalassemia; not provided,5225719,train,ClinVar,0.019302615193026153,0.013075965130759652,0.019925280199252802,0.02303860523038605,0.019925280199252802,0.009962640099626401,0.00311332503113325,0.0161892901618929,0.011830635118306352,0.00684931506849315,0.017434620174346202,0.014321295143212951,0.024283935242839352,0.013075965130759652,0.016811955168119553,0.026151930261519303,0.017434620174346202,0.013075965130759652,0.013075965130759652,0.019302615193026153,0.0112079701120797,0.011830635118306352,0.0012453300124533001,0.019925280199252802,0.0006226650062266501,0.0018679950186799503,0.0006226650062266501,0.00311332503113325,0.016811955168119553,0.0136986301369863,0.028019925280199254,0.0273972602739726,0.011830635118306352,0.00933997509339975,0.009962640099626401,0.011830635118306352,0.0161892901618929,0.010585305105853052,0.0,0.0186799501867995,0.013075965130759652,0.014321295143212951,0.014943960149439602,0.016811955168119553,0.008717310087173101,0.00809464508094645,0.02054794520547945,0.016811955168119553,0.0273972602739726,0.013075965130759652,0.007471980074719801,0.026151930261519303,0.015566625155666251,0.011830635118306352,0.0018679950186799503,0.031133250311332503,0.017434620174346202,0.0224159402241594,0.026151930261519303,0.019925280199252802,0.024283935242839352,0.025529265255292654,0.02054794520547945,0.05292652552926526
VCV000038671.15,1,NM_000518.5(HBB):c.316-1G>T,substitution,VCV000038671,Likely pathogenic,"criteria provided, multiple submitters, no conflicts",beta Thalassemia; not provided,5225727,train,ClinVar,0.019302615193026153,0.013075965130759652,0.019925280199252802,0.02303860523038605,0.019302615193026153,0.009962640099626401,0.00311332503113325,0.0161892901618929,0.011830635118306352,0.0062266500622665,0.017434620174346202,0.014321295143212951,0.024283935242839352,0.0136986301369863,0.016811955168119553,0.026151930261519303,0.017434620174346202,0.013075965130759652,0.012453300124533,0.019925280199252802,0.0112079701120797,0.011830635118306352,0.0012453300124533001,0.019925280199252802,0.0006226650062266501,0.0018679950186799503,0.0006226650062266501,0.00311332503113325,0.016811955168119553,0.0136986301369863,0.028019925280199254,0.0273972602739726,0.011830635118306352,0.008717310087173101,0.009962640099626401,0.011830635118306352,0.016811955168119553,0.010585305105853052,0.0,0.01805728518057285,0.012453300124533,0.014943960149439602,0.015566625155666251,0.016811955168119553,0.008717310087173101,0.00809464508094645,0.02054794520547945,0.016811955168119553,0.0273972602739726,0.013075965130759652,0.007471980074719801,0.026151930261519303,0.015566625155666251,0.011830635118306352,0.0018679950186799503,0.031755915317559155,0.017434620174346202,0.0224159402241594,0.026151930261519303,0.019925280199252802,0.024283935242839352,0.025529265255292654,0.02054794520547945,0.05292652552926526
VCV000552712.11,1,NM_000518.5(HBB):c.316-1G>A,substitution,VCV000552712,Pathogenic/Likely pathogenic,"criteria provided, multiple submitters, no conflicts",beta Thalassemia; not provided,5225727,train,ClinVar,0.019302615193026153,0.0136986301369863,0.019925280199252802,0.02303860523038605,0.019302615193026153,0.009962640099626401,0.00311332503113325,0.016811955168119553,0.011830635118306352,0.0062266500622665,0.017434620174346202,0.014321295143212951,0.024283935242839352,0.013075965130759652,0.016811955168119553,0.026151930261519303,0.01805728518057285,0.013075965130759652,0.012453300124533,0.019302615193026153,0.0112079701120797,0.011830635118306352,0.0012453300124533001,0.019925280199252802,0.0006226650062266501,0.0018679950186799503,0.0006226650062266501,0.00311332503113325,0.016811955168119553,0.0136986301369863,0.028019925280199254,0.0273972602739726,0.011830635118306352,0.008717310087173101,0.009962640099626401,0.011830635118306352,0.016811955168119553,0.010585305105853052,0.0,0.01805728518057285,0.012453300124533,0.014943960149439602,0.015566625155666251,0.016811955168119553,0.008717310087173101,0.00809464508094645,0.02054794520547945,0.016811955168119553,0.0273972602739726,0.013075965130759652,0.007471980074719801,0.026151930261519303,0.015566625155666251,0.011830635118306352,0.0018679950186799503,0.031133250311332503,0.017434620174346202,0.0224159402241594,0.026151930261519303,0.019925280199252802,0.024283935242839352,0.025529265255292654,0.02054794520547945,0.05292652552926526
VCV000021190.17,1,NM_000518.5(HBB):c.316-2A>C,substitution,VCV000021190,Pathogenic,"criteria provided, multiple submitters, no conflicts",Beta-thalassemia major; beta Thalassemia; not provided,5225728,train,ClinVar,0.019302615193026153,0.013075965130759652,0.019925280199252802,0.02303860523038605,0.0186799501867995,0.010585305105853052,0.00311332503113325,0.0161892901618929,0.011830635118306352,0.0062266500622665,0.017434620174346202,0.014321295143212951,0.024283935242839352,0.013075965130759652,0.016811955168119553,0.026151930261519303,0.017434620174346202,0.013075965130759652,0.012453300124533,0.019302615193026153,0.0112079701120797,0.011830635118306352,0.0018679950186799503,0.019925280199252802,0.0006226650062266501,0.0024906600249066002,0.0006226650062266501,0.00311332503113325,0.016811955168119553,0.0136986301369863,0.028019925280199254,0.0273972602739726,0.011830635118306352,0.008717310087173101,0.009962640099626401,0.011830635118306352,0.016811955168119553,0.010585305105853052,0.0,0.0186799501867995,0.012453300124533,0.014943960149439602,0.015566625155666251,0.016811955168119553,0.008717310087173101,0.00809464508094645,0.02054794520547945,0.016811955168119553,0.0273972602739726,0.013075965130759652,0.007471980074719801,0.026151930261519303,0.015566625155666251,0.011830635118306352,0.0018679950186799503,0.031133250311332503,0.017434620174346202,0.0224159402241594,0.026151930261519303,0.019925280199252802,0.024283935242839352,0.025529265255292654,0.02054794520547945,0.05292652552926526
VCV000015457.144,1,NM_000518.5(HBB):c.316-106C>G,substitution,VCV000015457,Pathogenic,reviewed by expert panel,Beta-thalassemia HBB/LCRB,5225832,train,ClinVar,0.019302615193026153,0.013075965130759652,0.019925280199252802,0.02303860523038605,0.019302615193026153,0.009962640099626401,0.00311332503113325,0.0161892901618929,0.011830635118306352,0.0062266500622665,0.01805728518057285,0.014321295143212951,0.024283935242839352,0.013075965130759652,0.016811955168119553,0.026151930261519303,0.017434620174346202,0.013075965130759652,0.013075965130759652,0.019302615193026153,0.0112079701120797,0.011830635118306352,0.0012453300124533001,0.019925280199252802,0.0006226650062266501,0.0018679950186799503,0.0006226650062266501,0.00311332503113325,0.0161892901618929,0.0136986301369863,0.028019925280199254,0.0273972602739726,0.011830635118306352,0.008717310087173101,0.009962640099626401,0.011830635118306352,0.016811955168119553,0.010585305105853052,0.0,0.01805728518057285,0.012453300124533,0.014943960149439602,0.015566625155666251,0.017434620174346202,0.00933997509339975,0.00809464508094645,0.02054794520547945,0.016811955168119553,0.0273972602739726,0.013075965130759652,0.007471980074719801,0.026151930261519303,0.015566625155666251,0.011830635118306352,0.0018679950186799503,0.031133250311332503,0.017434620174346202,0.0224159402241594,0.026151930261519303,0.019925280199252802,0.024283935242839352,0.025529265255292654,0.02054794520547945,0.05292652552926526
VCV000036312.19,1,NM_000518.5(HBB):c.316-146T>G,substitution,VCV000036312,Pathogenic,reviewed by expert panel,Beta-thalassemia HBB/LCRB,5225872,challenge,ClinVar,0.019302615193026153,0.013075965130759652,0.019925280199252802,0.02303860523038605,0.019302615193026153,0.009962640099626401,0.00311332503113325,0.0161892901618929,0.011830635118306352,0.00684931506849315,0.01805728518057285,0.014321295143212951,0.024283935242839352,0.013075965130759652,0.0161892901618929,0.026151930261519303,0.017434620174346202,0.013075965130759652,0.013075965130759652,0.019302615193026153,0.0112079701120797,0.011830635118306352,0.0012453300124533001,0.019925280199252802,0.0006226650062266501,0.0018679950186799503,0.0006226650062266501,0.00311332503113325,0.016811955168119553,0.0136986301369863,0.028019925280199254,0.0273972602739726,0.011830635118306352,0.008717310087173101,0.010585305105853052,0.0112079701120797,0.016811955168119553,0.010585305105853052,0.0,0.0186799501867995,0.012453300124533,0.014943960149439602,0.015566625155666251,0.017434620174346202,0.008717310087173101,0.00809464508094645,0.02054794520547945,0.016811955168119553,0.0273972602739726,0.013075965130759652,0.007471980074719801,0.026151930261519303,0.015566625155666251,0.011830635118306352,0.0018679950186799503,0.031133250311332503,0.017434620174346202,0.0224159402241594,0.026151930261519303,0.019302615193026153,0.024283935242839352,0.025529265255292654,0.02054794520547945,0.05292652552926526
VCV000015458.124,1,NM_000518.5(HBB):c.316-197C>T,substitution,VCV000015458,Pathogenic,reviewed by expert panel,Beta-thalassemia HBB/LCRB,5225923,train,ClinVar,0.019302615193026153,0.013075965130759652,0.019925280199252802,0.02303860523038605,0.019302615193026153,0.009962640099626401,0.00311332503113325,0.0161892901618929,0.011830635118306352,0.00684931506849315,0.017434620174346202,0.014321295143212951,0.024283935242839352,0.013075965130759652,0.016811955168119553,0.026151930261519303,0.016811955168119553,0.013075965130759652,0.013075965130759652,0.019302615193026153,0.0112079701120797,0.011830635118306352,0.0012453300124533001,0.019925280199252802,0.0006226650062266501,0.0018679950186799503,0.0006226650062266501,0.00311332503113325,0.016811955168119553,0.0136986301369863,0.028019925280199254,0.0273972602739726,0.011830635118306352,0.008717310087173101,0.009962640099626401,0.011830635118306352,0.0161892901618929,0.010585305105853052,0.0,0.0186799501867995,0.012453300124533,0.014321295143212951,0.015566625155666251,0.017434620174346202,0.00933997509339975,0.00809464508094645,0.02054794520547945,0.016811955168119553,0.028019925280199254,0.013075965130759652,0.007471980074719801,0.026151930261519303,0.015566625155666251,0.011830635118306352,0.0018679950186799503,0.031133250311332503,0.017434620174346202,0.0224159402241594,0.026151930261519303,0.019925280199252802,0.024283935242839352,0.025529265255292654,0.02054794520547945,0.05292652552926526
VCV000869356.6,1,NM_000518.5(HBB):c.315+5G>C,substitution,VCV000869356,Pathogenic,"criteria provided, multiple submitters, no conflicts",beta Thalassemia; not provided,5226572,train,ClinVar,0.019302615193026153,0.013075965130759652,0.019925280199252802,0.02303860523038605,0.019302615193026153,0.009962640099626401,0.00311332503113325,0.016811955168119553,0.011830635118306352,0.00684931506849315,0.017434620174346202,0.0136986301369863,0.024283935242839352,0.013075965130759652,0.016811955168119553,0.026151930261519303,0.017434620174346202,0.013075965130759652,0.013075965130759652,0.019302615193026153,0.0112079701120797,0.011830635118306352,0.0012453300124533001,0.019925280199252802,0.0006226650062266501,0.0018679950186799503,0.0006226650062266501,0.00311332503113325,0.016811955168119553,0.014321295143212951,0.028019925280199254,0.0273972602739726,0.011830635118306352,0.00933997509339975,0.00933997509339975,0.011830635118306352,0.016811955168119553,0.010585305105853052,0.0,0.0186799501867995,0.012453300124533,0.014943960149439602,0.015566625155666251,0.016811955168119553,0.008717310087173101,0.007471980074719801,0.02054794520547945,0.016811955168119553,0.0273972602739726,0.013075965130759652,0.007471980074719801,0.026151930261519303,0.015566625155666251,0.011830635118306352,0.0018679950186799503,0.031133250311332503,0.017434620174346202,0.0224159402241594,0.026151930261519303,0.019925280199252802,0.024283935242839352,0.025529265255292654,0.02054794520547945,0.05292652552926526
VCV000439146.5,1,NM_000518.5(HBB):c.315+2T>G,substitution,VCV000439146,Likely pathogenic,"criteria provided, multiple submitters, no conflicts",beta Thalassemia; not provided,5226575,train,ClinVar,0.019302615193026153,0.013075965130759652,0.019925280199252802,0.02303860523038605,0.019302615193026153,0.009962640099626401,0.00311332503113325,0.0161892901618929,0.011830635118306352,0.00684931506849315,0.017434620174346202,0.014321295143212951,0.024283935242839352,0.013075965130759652,0.016811955168119553,0.026151930261519303,0.017434620174346202,0.013075965130759652,0.013075965130759652,0.019302615193026153,0.0112079701120797,0.011830635118306352,0.0012453300124533001,0.019925280199252802,0.0006226650062266501,0.0018679950186799503,0.0006226650062266501,0.00311332503113325,0.016811955168119553,0.0136986301369863,0.028019925280199254,0.0273972602739726,0.011830635118306352,0.008717310087173101,0.009962640099626401,0.011830635118306352,0.016811955168119553,0.010585305105853052,0.0,0.0186799501867995,0.013075965130759652,0.014943960149439602,0.016811955168119553,0.0161892901618929,0.008717310087173101,0.00809464508094645,0.019925280199252802,0.016811955168119553,0.0273972602739726,0.013075965130759652,0.007471980074719801,0.026151930261519303,0.015566625155666251,0.011830635118306352,0.0018679950186799503,0.031133250311332503,0.016811955168119553,0.0224159402241594,0.026151930261519303,0.019925280199252802,0.024283935242839352,0.025529265255292654,0.02054794520547945,0.05292652552926526
VCV000619686.15,1,NM_000518.5(HBB):c.315+1G>T,substitution,VCV000619686,Pathogenic,"criteria provided, multiple submitters, no conflicts",beta Thalassemia; not provided,5226576,train,ClinVar,0.019302615193026153,0.013075965130759652,0.019925280199252802,0.02303860523038605,0.019302615193026153,0.009962640099626401,0.00311332503113325,0.0161892901618929,0.011830635118306352,0.00684931506849315,0.017434620174346202,0.014321295143212951,0.024283935242839352,0.013075965130759652,0.016811955168119553,0.026151930261519303,0.017434620174346202,0.013075965130759652,0.013075965130759652,0.019302615193026153,0.0112079701120797,0.011830635118306352,0.0012453300124533001,0.019925280199252802,0.0006226650062266501,0.0018679950186799503,0.0006226650062266501,0.00311332503113325,0.016811955168119553,0.0136986301369863,0.028019925280199254,0.0273972602739726,0.011830635118306352,0.008717310087173101,0.009962640099626401,0.011830635118306352,0.016811955168119553,0.010585305105853052,0.0,0.0186799501867995,0.012453300124533,0.014943960149439602,0.014943960149439602,0.016811955168119553,0.008717310087173101,0.00809464508094645,0.019925280199252802,0.017434620174346202,0.0273972602739726,0.013075965130759652,0.007471980074719801,0.026151930261519303,0.015566625155666251,0.011830635118306352,0.0018679950186799503,0.031133250311332503,0.017434620174346202,0.0224159402241594,0.026151930261519303,0.019925280199252802,0.024283935242839352,0.025529265255292654,0.021170610211706103,0.05292652552926526
VCV000015241.32,1,c.295G>A,substitution,VCV000015241,Pathogenic,"criteria provided, multiple submitters, no conflicts",Hemoglobinopathy; beta Thalassemia; not provided,5226597,train,ClinVar,0.019302615193026153,0.013075965130759652,0.019925280199252802,0.02303860523038605,0.019925280199252802,0.009962640099626401,0.0024906600249066002,0.0161892901618929,0.011830635118306352,0.00684931506849315,0.017434620174346202,0.014321295143212951,0.024283935242839352,0.013075965130759652,0.017434620174346202,0.026151930261519303,0.017434620174346202,0.013075965130759652,0.013075965130759652,0.019925280199252802,0.0112079701120797,0.011830635118306352,0.0012453300124533001,0.019925280199252802,0.0006226650062266501,0.0018679950186799503,0.0006226650062266501,0.0024906600249066002,0.016811955168119553,0.0136986301369863,0.028019925280199254,0.0273972602739726,0.011830635118306352,0.008717310087173101,0.009962640099626401,0.011830635118306352,0.016811955168119553,0.010585305105853052,0.0,0.0186799501867995,0.012453300124533,0.014943960149439602,0.015566625155666251,0.016811955168119553,0.008717310087173101,0.00809464508094645,0.019925280199252802,0.016811955168119553,0.0273972602739726,0.013075965130759652,0.007471980074719801,0.026151930261519303,0.015566625155666251,0.011830635118306352,0.0018679950186799503,0.031133250311332503,0.017434620174346202,0.0224159402241594,0.026151930261519303,0.019925280199252802,0.024283935242839352,0.025529265255292654,0.02054794520547945,0.05292652552926526
VCV000015504.10,1,c.271G>T,substitution,VCV000015504,Pathogenic,"criteria provided, multiple submitters, no conflicts",beta Thalassemia; not provided,5226621,train,ClinVar,0.019302615193026153,0.013075965130759652,0.019925280199252802,0.02303860523038605,0.019302615193026153,0.009962640099626401,0.00311332503113325,0.0161892901618929,0.011830635118306352,0.00684931506849315,0.017434620174346202,0.014321295143212951,0.024283935242839352,0.013075965130759652,0.016811955168119553,0.026151930261519303,0.017434620174346202,0.013075965130759652,0.013075965130759652,0.019302615193026153,0.0112079701120797,0.011830635118306352,0.0012453300124533001,0.019925280199252802,0.0006226650062266501,0.0018679950186799503,0.0006226650062266501,0.00311332503113325,0.016811955168119553,0.0136986301369863,0.028019925280199254,0.0273972602739726,0.011830635118306352,0.008717310087173101,0.00933997509339975,0.011830635118306352,0.016811955168119553,0.010585305105853052,0.0,0.0186799501867995,0.012453300124533,0.014943960149439602,0.015566625155666251,0.016811955168119553,0.008717310087173101,0.00809464508094645,0.019925280199252802,0.017434620174346202,0.0273972602739726,0.013075965130759652,0.00809464508094645,0.026151930261519303,0.015566625155666251,0.011830635118306352,0.0018679950186799503,0.031133250311332503,0.016811955168119553,0.0224159402241594,0.026151930261519303,0.019925280199252802,0.024906600249066,0.025529265255292654,0.02054794520547945,0.05292652552926526
VCV000015343.14,1,c.266T>C,substitution,VCV000015343,Pathogenic/Likely pathogenic,"criteria provided, multiple submitters, no conflicts",Beta-thalassemia HBB/LCRB; HBB-related disorder; not provided,5226626,train,ClinVar,0.019302615193026153,0.013075965130759652,0.019925280199252802,0.02303860523038605,0.019302615193026153,0.010585305105853052,0.00311332503113325,0.015566625155666251,0.011830635118306352,0.00684931506849315,0.017434620174346202,0.014321295143212951,0.024283935242839352,0.013075965130759652,0.016811955168119553,0.026151930261519303,0.017434620174346202,0.013075965130759652,0.013075965130759652,0.019302615193026153,0.0112079701120797,0.011830635118306352,0.0018679950186799503,0.019925280199252802,0.0012453300124533001,0.0018679950186799503,0.0006226650062266501,0.00311332503113325,0.016811955168119553,0.0136986301369863,0.0273972602739726,0.0273972602739726,0.011830635118306352,0.008717310087173101,0.009962640099626401,0.011830635118306352,0.016811955168119553,0.010585305105853052,0.0,0.0186799501867995,0.012453300124533,0.014943960149439602,0.015566625155666251,0.016811955168119553,0.008717310087173101,0.00809464508094645,0.02054794520547945,0.016811955168119553,0.0273972602739726,0.013075965130759652,0.007471980074719801,0.026151930261519303,0.015566625155666251,0.011830635118306352,0.0018679950186799503,0.031133250311332503,0.016811955168119553,0.0224159402241594,0.026151930261519303,0.019925280199252802,0.024283935242839352,0.025529265255292654,0.02054794520547945,0.05292652552926526
VCV000015400.19,1,c.191A>G,substitution,VCV000015400,Likely pathogenic,"criteria provided, multiple submitters, no conflicts",Hemoglobinopathy; beta Thalassemia; not provided,5226701,train,ClinVar,0.019302615193026153,0.013075965130759652,0.019925280199252802,0.02303860523038605,0.019302615193026153,0.009962640099626401,0.00311332503113325,0.0161892901618929,0.011830635118306352,0.00684931506849315,0.017434620174346202,0.014321295143212951,0.024283935242839352,0.013075965130759652,0.0161892901618929,0.026151930261519303,0.017434620174346202,0.013075965130759652,0.013075965130759652,0.0186799501867995,0.0112079701120797,0.011830635118306352,0.0012453300124533001,0.019925280199252802,0.0006226650062266501,0.0018679950186799503,0.0006226650062266501,0.0037359900373599006,0.016811955168119553,0.0136986301369863,0.028019925280199254,0.0273972602739726,0.011830635118306352,0.008717310087173101,0.009962640099626401,0.011830635118306352,0.016811955168119553,0.010585305105853052,0.0,0.0186799501867995,0.012453300124533,0.014943960149439602,0.015566625155666251,0.016811955168119553,0.008717310087173101,0.00809464508094645,0.021170610211706103,0.016811955168119553,0.0273972602739726,0.013075965130759652,0.007471980074719801,0.026151930261519303,0.014943960149439602,0.011830635118306352,0.0024906600249066002,0.031133250311332503,0.017434620174346202,0.0224159402241594,0.026151930261519303,0.019925280199252802,0.024283935242839352,0.025529265255292654,0.02054794520547945,0.05292652552926526
VCV000015256.13,1,c.190C>T,substitution,VCV000015256,Pathogenic/Likely pathogenic,"criteria provided, multiple submitters, no conflicts",Inborn genetic diseases; beta Thalassemia; not provided,5226702,train,ClinVar,0.019302615193026153,0.013075965130759652,0.019925280199252802,0.02303860523038605,0.019302615193026153,0.009962640099626401,0.00311332503113325,0.0161892901618929,0.011830635118306352,0.00684931506849315,0.017434620174346202,0.014321295143212951,0.024283935242839352,0.013075965130759652,0.016811955168119553,0.026151930261519303,0.017434620174346202,0.013075965130759652,0.013075965130759652,0.0186799501867995,0.0112079701120797,0.011830635118306352,0.0012453300124533001,0.019925280199252802,0.0006226650062266501,0.0018679950186799503,0.0006226650062266501,0.00311332503113325,0.016811955168119553,0.013075965130759652,0.028019925280199254,0.028019925280199254,0.011830635118306352,0.008717310087173101,0.009962640099626401,0.011830635118306352,0.016811955168119553,0.010585305105853052,0.0,0.0186799501867995,0.012453300124533,0.014943960149439602,0.015566625155666251,0.016811955168119553,0.008717310087173101,0.00809464508094645,0.02054794520547945,0.016811955168119553,0.0273972602739726,0.013075965130759652,0.007471980074719801,0.026774595267745952,0.014943960149439602,0.011830635118306352,0.0018679950186799503,0.031133250311332503,0.017434620174346202,0.0224159402241594,0.026151930261519303,0.019925280199252802,0.024906600249066,0.025529265255292654,0.02054794520547945,0.05292652552926526
VCV000694445.2,1,c.190C>A,substitution,VCV000694445,Pathogenic/Likely pathogenic,"criteria provided, multiple submitters, no conflicts","METHEMOGLOBINEMIA, BETA TYPE; beta Thalassemia",5226702,train,ClinVar,0.019302615193026153,0.013075965130759652,0.019925280199252802,0.023661270236612703,0.019302615193026153,0.009962640099626401,0.00311332503113325,0.0161892901618929,0.011830635118306352,0.00684931506849315,0.017434620174346202,0.014321295143212951,0.024283935242839352,0.013075965130759652,0.016811955168119553,0.026151930261519303,0.017434620174346202,0.013075965130759652,0.013075965130759652,0.0186799501867995,0.0112079701120797,0.011830635118306352,0.0012453300124533001,0.019925280199252802,0.0006226650062266501,0.0018679950186799503,0.0006226650062266501,0.00311332503113325,0.017434620174346202,0.013075965130759652,0.028019925280199254,0.0273972602739726,0.011830635118306352,0.008717310087173101,0.009962640099626401,0.011830635118306352,0.016811955168119553,0.010585305105853052,0.0,0.0186799501867995,0.012453300124533,0.014943960149439602,0.015566625155666251,0.016811955168119553,0.008717310087173101,0.00809464508094645,0.02054794520547945,0.016811955168119553,0.028019925280199254,0.013075965130759652,0.007471980074719801,0.026151930261519303,0.014943960149439602,0.011830635118306352,0.0018679950186799503,0.031133250311332503,0.017434620174346202,0.0224159402241594,0.026151930261519303,0.019925280199252802,0.024283935242839352,0.025529265255292654,0.02054794520547945,0.05292652552926526
VCV000015405.34,1,c.114G>A,substitution,VCV000015405,Pathogenic,reviewed by expert panel,Beta-thalassemia HBB/LCRB,5226778,train,ClinVar,0.019302615193026153,0.0136986301369863,0.019925280199252802,0.02303860523038605,0.019302615193026153,0.009962640099626401,0.00311332503113325,0.0161892901618929,0.011830635118306352,0.00684931506849315,0.017434620174346202,0.014321295143212951,0.024283935242839352,0.013075965130759652,0.016811955168119553,0.026151930261519303,0.017434620174346202,0.013075965130759652,0.013075965130759652,0.019302615193026153,0.0112079701120797,0.011830635118306352,0.0012453300124533001,0.019925280199252802,0.0006226650062266501,0.0018679950186799503,0.0006226650062266501,0.00311332503113325,0.016811955168119553,0.0136986301369863,0.028019925280199254,0.0273972602739726,0.012453300124533,0.00809464508094645,0.009962640099626401,0.011830635118306352,0.016811955168119553,0.010585305105853052,0.0,0.0186799501867995,0.011830635118306352,0.014943960149439602,0.015566625155666251,0.016811955168119553,0.008717310087173101,0.00809464508094645,0.02054794520547945,0.016811955168119553,0.0273972602739726,0.013075965130759652,0.007471980074719801,0.026151930261519303,0.015566625155666251,0.011830635118306352,0.0018679950186799503,0.031133250311332503,0.01805728518057285,0.0224159402241594,0.025529265255292654,0.019925280199252802,0.024283935242839352,0.025529265255292654,0.02054794520547945,0.05292652552926526
VCV000439782.17,1,c.113G>A,substitution,VCV000439782,Pathogenic,"criteria provided, multiple submitters, no conflicts",Hemoglobinopathy; beta Thalassemia; not provided; not specified,5226779,train,ClinVar,0.019302615193026153,0.013075965130759652,0.019925280199252802,0.02303860523038605,0.019302615193026153,0.009962640099626401,0.00311332503113325,0.0161892901618929,0.012453300124533,0.00684931506849315,0.017434620174346202,0.014321295143212951,0.024283935242839352,0.013075965130759652,0.016811955168119553,0.026151930261519303,0.017434620174346202,0.013075965130759652,0.013075965130759652,0.019302615193026153,0.0112079701120797,0.011830635118306352,0.0012453300124533001,0.019925280199252802,0.0006226650062266501,0.0018679950186799503,0.0006226650062266501,0.00311332503113325,0.016811955168119553,0.0136986301369863,0.028019925280199254,0.0273972602739726,0.011830635118306352,0.008717310087173101,0.009962640099626401,0.011830635118306352,0.016811955168119553,0.010585305105853052,0.0,0.0186799501867995,0.011830635118306352,0.014943960149439602,0.015566625155666251,0.016811955168119553,0.008717310087173101,0.00809464508094645,0.02054794520547945,0.016811955168119553,0.0273972602739726,0.013075965130759652,0.00809464508094645,0.026151930261519303,0.015566625155666251,0.011830635118306352,0.0018679950186799503,0.031133250311332503,0.017434620174346202,0.0224159402241594,0.025529265255292654,0.019925280199252802,0.024906600249066,0.025529265255292654,0.019925280199252802,0.05292652552926526
VCV000439166.41,1,NM_000518.5(HBB):c.93-1G>C,substitution,VCV000439166,Pathogenic,"criteria provided, multiple submitters, no conflicts",Beta-thalassemia major; beta Thalassemia; not provided,5226800,train,ClinVar,0.019302615193026153,0.013075965130759652,0.019925280199252802,0.02303860523038605,0.019302615193026153,0.009962640099626401,0.0037359900373599006,0.0161892901618929,0.011830635118306352,0.00684931506849315,0.016811955168119553,0.014321295143212951,0.024283935242839352,0.013075965130759652,0.016811955168119553,0.026151930261519303,0.017434620174346202,0.013075965130759652,0.013075965130759652,0.019302615193026153,0.0112079701120797,0.011830635118306352,0.0012453300124533001,0.019925280199252802,0.0006226650062266501,0.0024906600249066002,0.0006226650062266501,0.00311332503113325,0.016811955168119553,0.0136986301369863,0.028019925280199254,0.0273972602739726,0.011830635118306352,0.008717310087173101,0.009962640099626401,0.011830635118306352,0.016811955168119553,0.010585305105853052,0.0,0.0186799501867995,0.012453300124533,0.014321295143212951,0.015566625155666251,0.016811955168119553,0.008717310087173101,0.00809464508094645,0.02054794520547945,0.016811955168119553,0.0273972602739726,0.0136986301369863,0.00684931506849315,0.026151930261519303,0.015566625155666251,0.011830635118306352,0.0018679950186799503,0.031133250311332503,0.017434620174346202,0.0224159402241594,0.026151930261519303,0.019925280199252802,0.024283935242839352,0.025529265255292654,0.02054794520547945,0.05292652552926526
VCV000015562.5,1,NM_000518.5(HBB):c.93-2A>G,substitution,VCV000015562,Pathogenic,"criteria provided, multiple submitters, no conflicts",beta Thalassemia; not provided,5226801,train,ClinVar,0.019302615193026153,0.013075965130759652,0.019925280199252802,0.02303860523038605,0.019302615193026153,0.009962640099626401,0.00311332503113325,0.0161892901618929,0.011830635118306352,0.00684931506849315,0.016811955168119553,0.014321295143212951,0.024283935242839352,0.013075965130759652,0.016811955168119553,0.026151930261519303,0.017434620174346202,0.013075965130759652,0.013075965130759652,0.019302615193026153,0.0112079701120797,0.011830635118306352,0.0012453300124533001,0.019925280199252802,0.0006226650062266501,0.0018679950186799503,0.0006226650062266501,0.00311332503113325,0.016811955168119553,0.0136986301369863,0.028019925280199254,0.0273972602739726,0.011830635118306352,0.008717310087173101,0.009962640099626401,0.011830635118306352,0.016811955168119553,0.010585305105853052,0.0,0.0186799501867995,0.012453300124533,0.014943960149439602,0.0161892901618929,0.016811955168119553,0.008717310087173101,0.00809464508094645,0.02054794520547945,0.016811955168119553,0.0273972602739726,0.013075965130759652,0.00684931506849315,0.026151930261519303,0.015566625155666251,0.011830635118306352,0.0018679950186799503,0.031133250311332503,0.017434620174346202,0.0224159402241594,0.026774595267745952,0.019925280199252802,0.023661270236612703,0.025529265255292654,0.021170610211706103,0.05292652552926526
VCV000439167.7,1,NM_000518.5(HBB):c.93-2A>C,substitution,VCV000439167,Pathogenic,"criteria provided, multiple submitters, no conflicts",Hemoglobinopathy; beta Thalassemia; not provided,5226801,train,ClinVar,0.019302615193026153,0.013075965130759652,0.019925280199252802,0.02303860523038605,0.019302615193026153,0.009962640099626401,0.00311332503113325,0.0161892901618929,0.011830635118306352,0.00684931506849315,0.016811955168119553,0.014321295143212951,0.024283935242839352,0.013075965130759652,0.016811955168119553,0.026151930261519303,0.017434620174346202,0.013075965130759652,0.013075965130759652,0.019302615193026153,0.0112079701120797,0.011830635118306352,0.0012453300124533001,0.019925280199252802,0.0006226650062266501,0.0018679950186799503,0.0012453300124533001,0.00311332503113325,0.016811955168119553,0.0136986301369863,0.028019925280199254,0.0273972602739726,0.011830635118306352,0.008717310087173101,0.009962640099626401,0.011830635118306352,0.016811955168119553,0.010585305105853052,0.0,0.0186799501867995,0.012453300124533,0.014943960149439602,0.015566625155666251,0.016811955168119553,0.008717310087173101,0.00809464508094645,0.02054794520547945,0.016811955168119553,0.0273972602739726,0.013075965130759652,0.00684931506849315,0.026151930261519303,0.015566625155666251,0.011830635118306352,0.0024906600249066002,0.031133250311332503,0.017434620174346202,0.0224159402241594,0.026151930261519303,0.019925280199252802,0.023661270236612703,0.026151930261519303,0.02054794520547945,0.05292652552926526
VCV000036341.20,1,NM_000518.5(HBB):c.93-3T>G,substitution,VCV000036341,Pathogenic/Likely pathogenic,"criteria provided, multiple submitters, no conflicts",Beta thalassemia intermedia; beta Thalassemia; not provided,5226802,train,ClinVar,0.019302615193026153,0.013075965130759652,0.019925280199252802,0.02303860523038605,0.019302615193026153,0.009962640099626401,0.00311332503113325,0.0161892901618929,0.011830635118306352,0.00684931506849315,0.017434620174346202,0.014321295143212951,0.024283935242839352,0.013075965130759652,0.016811955168119553,0.026151930261519303,0.017434620174346202,0.013075965130759652,0.013075965130759652,0.019302615193026153,0.0112079701120797,0.011830635118306352,0.0012453300124533001,0.019925280199252802,0.0006226650062266501,0.0018679950186799503,0.0006226650062266501,0.00311332503113325,0.016811955168119553,0.0136986301369863,0.028642590286425903,0.026774595267745952,0.011830635118306352,0.008717310087173101,0.010585305105853052,0.011830635118306352,0.016811955168119553,0.010585305105853052,0.0,0.0186799501867995,0.012453300124533,0.014943960149439602,0.015566625155666251,0.016811955168119553,0.008717310087173101,0.00809464508094645,0.02054794520547945,0.016811955168119553,0.0273972602739726,0.013075965130759652,0.00684931506849315,0.026151930261519303,0.015566625155666251,0.011830635118306352,0.0018679950186799503,0.031133250311332503,0.01805728518057285,0.0224159402241594,0.026151930261519303,0.019925280199252802,0.023661270236612703,0.025529265255292654,0.02054794520547945,0.05292652552926526
VCV000550356.15,1,NM_000518.5(HBB):c.93-15T>G,substitution,VCV000550356,Pathogenic,"criteria provided, multiple submitters, no conflicts",Beta-thalassemia HBB/LCRB; beta Thalassemia; not provided,5226814,challenge,ClinVar,0.019302615193026153,0.013075965130759652,0.019925280199252802,0.02303860523038605,0.019302615193026153,0.009962640099626401,0.00311332503113325,0.0161892901618929,0.011830635118306352,0.00684931506849315,0.017434620174346202,0.014943960149439602,0.024283935242839352,0.013075965130759652,0.016811955168119553,0.025529265255292654,0.017434620174346202,0.013075965130759652,0.013075965130759652,0.019302615193026153,0.0112079701120797,0.011830635118306352,0.0012453300124533001,0.019925280199252802,0.0006226650062266501,0.0018679950186799503,0.0006226650062266501,0.00311332503113325,0.016811955168119553,0.0136986301369863,0.028019925280199254,0.0273972602739726,0.011830635118306352,0.008717310087173101,0.009962640099626401,0.011830635118306352,0.016811955168119553,0.010585305105853052,0.0,0.0186799501867995,0.012453300124533,0.014943960149439602,0.015566625155666251,0.016811955168119553,0.008717310087173101,0.00809464508094645,0.02054794520547945,0.017434620174346202,0.0273972602739726,0.013075965130759652,0.00809464508094645,0.025529265255292654,0.015566625155666251,0.011830635118306352,0.0018679950186799503,0.031133250311332503,0.017434620174346202,0.0224159402241594,0.026151930261519303,0.019925280199252802,0.024283935242839352,0.025529265255292654,0.02054794520547945,0.052303860523038606
VCV000015454.173,1,NM_000518.5(HBB):c.93-21G>A,substitution,VCV000015454,Pathogenic,reviewed by expert panel,Beta-thalassemia HBB/LCRB,5226820,train,ClinVar,0.019302615193026153,0.013075965130759652,0.019925280199252802,0.02303860523038605,0.019302615193026153,0.009962640099626401,0.00311332503113325,0.0161892901618929,0.011830635118306352,0.00684931506849315,0.017434620174346202,0.014943960149439602,0.024283935242839352,0.013075965130759652,0.016811955168119553,0.026151930261519303,0.017434620174346202,0.013075965130759652,0.013075965130759652,0.019302615193026153,0.0112079701120797,0.011830635118306352,0.0012453300124533001,0.019925280199252802,0.0006226650062266501,0.0018679950186799503,0.0006226650062266501,0.00311332503113325,0.016811955168119553,0.0136986301369863,0.028019925280199254,0.0273972602739726,0.011830635118306352,0.008717310087173101,0.009962640099626401,0.011830635118306352,0.016811955168119553,0.010585305105853052,0.0,0.0186799501867995,0.012453300124533,0.014943960149439602,0.015566625155666251,0.0161892901618929,0.008717310087173101,0.00809464508094645,0.02054794520547945,0.016811955168119553,0.0273972602739726,0.013075965130759652,0.00809464508094645,0.026151930261519303,0.015566625155666251,0.011830635118306352,0.0018679950186799503,0.031133250311332503,0.017434620174346202,0.0224159402241594,0.025529265255292654,0.019925280199252802,0.024906600249066,0.025529265255292654,0.019925280199252802,0.05292652552926526
VCV000015447.163,1,NM_000518.5(HBB):c.92+5G>C,substitution,VCV000015447,Pathogenic,reviewed by expert panel,Beta-thalassemia HBB/LCRB,5226925,train,ClinVar,0.019302615193026153,0.013075965130759652,0.019925280199252802,0.02303860523038605,0.019302615193026153,0.009962640099626401,0.00311332503113325,0.0161892901618929,0.011830635118306352,0.00684931506849315,0.017434620174346202,0.014321295143212951,0.024283935242839352,0.013075965130759652,0.016811955168119553,0.026151930261519303,0.017434620174346202,0.013075965130759652,0.013075965130759652,0.019302615193026153,0.0112079701120797,0.011830635118306352,0.0012453300124533001,0.019925280199252802,0.0006226650062266501,0.0018679950186799503,0.0006226650062266501,0.00311332503113325,0.017434620174346202,0.0136986301369863,0.028019925280199254,0.0273972602739726,0.011830635118306352,0.008717310087173101,0.009962640099626401,0.011830635118306352,0.016811955168119553,0.010585305105853052,0.0,0.019302615193026153,0.012453300124533,0.014943960149439602,0.015566625155666251,0.0161892901618929,0.00809464508094645,0.00809464508094645,0.02054794520547945,0.016811955168119553,0.0273972602739726,0.013075965130759652,0.007471980074719801,0.026151930261519303,0.015566625155666251,0.011830635118306352,0.0018679950186799503,0.031133250311332503,0.017434620174346202,0.02303860523038605,0.025529265255292654,0.019925280199252802,0.024283935242839352,0.025529265255292654,0.02054794520547945,0.05292652552926526
VCV000038667.107,1,NM_000518.5(HBB):c.92+2T>A,substitution,VCV000038667,Pathogenic,"criteria provided, multiple submitters, no conflicts",beta Thalassemia; not provided,5226928,challenge,ClinVar,0.019302615193026153,0.013075965130759652,0.019925280199252802,0.02303860523038605,0.019302615193026153,0.009962640099626401,0.00311332503113325,0.0161892901618929,0.011830635118306352,0.00684931506849315,0.017434620174346202,0.014321295143212951,0.024283935242839352,0.013075965130759652,0.017434620174346202,0.026151930261519303,0.017434620174346202,0.013075965130759652,0.013075965130759652,0.019302615193026153,0.0112079701120797,0.011830635118306352,0.0012453300124533001,0.019925280199252802,0.0006226650062266501,0.0018679950186799503,0.0006226650062266501,0.00311332503113325,0.016811955168119553,0.0136986301369863,0.028019925280199254,0.0273972602739726,0.011830635118306352,0.008717310087173101,0.009962640099626401,0.012453300124533,0.016811955168119553,0.010585305105853052,0.0,0.0186799501867995,0.013075965130759652,0.014943960149439602,0.015566625155666251,0.0161892901618929,0.008717310087173101,0.00809464508094645,0.02054794520547945,0.0161892901618929,0.0273972602739726,0.013075965130759652,0.007471980074719801,0.026151930261519303,0.015566625155666251,0.011830635118306352,0.0018679950186799503,0.031133250311332503,0.017434620174346202,0.0224159402241594,0.026151930261519303,0.019925280199252802,0.024283935242839352,0.025529265255292654,0.019925280199252802,0.05292652552926526
VCV000619860.14,1,NM_000518.5(HBB):c.92+2T>G,substitution,VCV000619860,Pathogenic,"criteria provided, multiple submitters, no conflicts",beta Thalassemia; not provided; not specified,5226928,challenge,ClinVar,0.019302615193026153,0.013075965130759652,0.019925280199252802,0.02303860523038605,0.019302615193026153,0.009962640099626401,0.00311332503113325,0.0161892901618929,0.011830635118306352,0.00684931506849315,0.017434620174346202,0.014321295143212951,0.024283935242839352,0.013075965130759652,0.016811955168119553,0.026151930261519303,0.017434620174346202,0.013075965130759652,0.013075965130759652,0.019302615193026153,0.0112079701120797,0.011830635118306352,0.0012453300124533001,0.019925280199252802,0.0006226650062266501,0.0018679950186799503,0.0006226650062266501,0.00311332503113325,0.016811955168119553,0.0136986301369863,0.028019925280199254,0.0273972602739726,0.011830635118306352,0.008717310087173101,0.009962640099626401,0.011830635118306352,0.016811955168119553,0.010585305105853052,0.0,0.0186799501867995,0.012453300124533,0.014943960149439602,0.0161892901618929,0.016811955168119553,0.008717310087173101,0.00809464508094645,0.021170610211706103,0.0161892901618929,0.0273972602739726,0.013075965130759652,0.007471980074719801,0.026151930261519303,0.015566625155666251,0.011830635118306352,0.0018679950186799503,0.031133250311332503,0.017434620174346202,0.0224159402241594,0.026151930261519303,0.019925280199252802,0.024283935242839352,0.025529265255292654,0.019925280199252802,0.05292652552926526
VCV000590773.12,1,c.91A>C,substitution,VCV000590773,Likely pathogenic,"criteria provided, multiple submitters, no conflicts",beta Thalassemia; not provided,5226931,train,ClinVar,0.019302615193026153,0.013075965130759652,0.019925280199252802,0.02303860523038605,0.019302615193026153,0.009962640099626401,0.00311332503113325,0.0161892901618929,0.011830635118306352,0.00684931506849315,0.016811955168119553,0.014321295143212951,0.024283935242839352,0.013075965130759652,0.016811955168119553,0.026151930261519303,0.017434620174346202,0.013075965130759652,0.012453300124533,0.019302615193026153,0.0112079701120797,0.011830635118306352,0.0018679950186799503,0.019925280199252802,0.0006226650062266501,0.0018679950186799503,0.0012453300124533001,0.00311332503113325,0.016811955168119553,0.0136986301369863,0.028019925280199254,0.0273972602739726,0.011830635118306352,0.008717310087173101,0.009962640099626401,0.011830635118306352,0.0161892901618929,0.0112079701120797,0.0,0.0186799501867995,0.012453300124533,0.014943960149439602,0.015566625155666251,0.016811955168119553,0.008717310087173101,0.00809464508094645,0.02054794520547945,0.016811955168119553,0.0273972602739726,0.013075965130759652,0.007471980074719801,0.026151930261519303,0.015566625155666251,0.011830635118306352,0.0018679950186799503,0.031133250311332503,0.017434620174346202,0.0224159402241594,0.026151930261519303,0.019925280199252802,0.024283935242839352,0.025529265255292654,0.02054794520547945,0.05292652552926526
VCV000869243.3,1,c.91A>G,substitution,VCV000869243,Pathogenic/Likely pathogenic,"criteria provided, multiple submitters, no conflicts",beta Thalassemia; not provided,5226931,train,ClinVar,0.019302615193026153,0.013075965130759652,0.019925280199252802,0.02303860523038605,0.019302615193026153,0.009962640099626401,0.00311332503113325,0.0161892901618929,0.011830635118306352,0.00684931506849315,0.016811955168119553,0.014321295143212951,0.024283935242839352,0.013075965130759652,0.016811955168119553,0.026151930261519303,0.017434620174346202,0.013075965130759652,0.012453300124533,0.019302615193026153,0.0112079701120797,0.011830635118306352,0.0012453300124533001,0.019925280199252802,0.0006226650062266501,0.0018679950186799503,0.0012453300124533001,0.00311332503113325,0.016811955168119553,0.0136986301369863,0.028019925280199254,0.0273972602739726,0.011830635118306352,0.008717310087173101,0.009962640099626401,0.011830635118306352,0.0161892901618929,0.010585305105853052,0.0006226650062266501,0.0186799501867995,0.012453300124533,0.014943960149439602,0.0161892901618929,0.016811955168119553,0.008717310087173101,0.00809464508094645,0.02054794520547945,0.016811955168119553,0.0273972602739726,0.013075965130759652,0.007471980074719801,0.026151930261519303,0.015566625155666251,0.011830635118306352,0.0018679950186799503,0.031133250311332503,0.017434620174346202,0.0224159402241594,0.026151930261519303,0.019925280199252802,0.024283935242839352,0.025529265255292654,0.02054794520547945,0.05292652552926526
VCV000015239.52,1,c.82G>T,substitution,VCV000015239,Pathogenic,reviewed by expert panel,Beta-thalassemia HBB/LCRB,5226940,train,ClinVar,0.019302615193026153,0.013075965130759652,0.019925280199252802,0.02303860523038605,0.019302615193026153,0.009962640099626401,0.00311332503113325,0.0161892901618929,0.011830635118306352,0.00684931506849315,0.016811955168119553,0.014943960149439602,0.024283935242839352,0.013075965130759652,0.016811955168119553,0.026151930261519303,0.017434620174346202,0.013075965130759652,0.013075965130759652,0.019302615193026153,0.0112079701120797,0.011830635118306352,0.0012453300124533001,0.019925280199252802,0.0006226650062266501,0.0018679950186799503,0.0006226650062266501,0.00311332503113325,0.016811955168119553,0.0136986301369863,0.028019925280199254,0.0273972602739726,0.011830635118306352,0.008717310087173101,0.009962640099626401,0.011830635118306352,0.016811955168119553,0.009962640099626401,0.0,0.0186799501867995,0.012453300124533,0.014321295143212951,0.015566625155666251,0.016811955168119553,0.008717310087173101,0.008717310087173101,0.02054794520547945,0.016811955168119553,0.0273972602739726,0.013075965130759652,0.007471980074719801,0.026151930261519303,0.015566625155666251,0.012453300124533,0.0018679950186799503,0.031133250311332503,0.017434620174346202,0.0224159402241594,0.026151930261519303,0.019925280199252802,0.024283935242839352,0.025529265255292654,0.02054794520547945,0.05292652552926526
VCV000038650.109,1,c.79G>T,substitution,VCV000038650,Pathogenic,"criteria provided, multiple submitters, no conflicts",Hemoglobinopathy; beta Thalassemia; not provided,5226943,train,ClinVar,0.019302615193026153,0.013075965130759652,0.019925280199252802,0.02303860523038605,0.019302615193026153,0.009962640099626401,0.00311332503113325,0.0161892901618929,0.011830635118306352,0.00684931506849315,0.017434620174346202,0.014321295143212951,0.024283935242839352,0.013075965130759652,0.016811955168119553,0.026151930261519303,0.017434620174346202,0.013075965130759652,0.013075965130759652,0.019302615193026153,0.0112079701120797,0.011830635118306352,0.0012453300124533001,0.019925280199252802,0.0006226650062266501,0.0018679950186799503,0.0006226650062266501,0.00311332503113325,0.016811955168119553,0.0136986301369863,0.028019925280199254,0.0273972602739726,0.011830635118306352,0.008717310087173101,0.00933997509339975,0.011830635118306352,0.016811955168119553,0.010585305105853052,0.0,0.0186799501867995,0.012453300124533,0.014943960149439602,0.015566625155666251,0.016811955168119553,0.008717310087173101,0.00809464508094645,0.019925280199252802,0.017434620174346202,0.0273972602739726,0.013075965130759652,0.00809464508094645,0.026151930261519303,0.015566625155666251,0.011830635118306352,0.0018679950186799503,0.031133250311332503,0.016811955168119553,0.0224159402241594,0.026151930261519303,0.019925280199252802,0.024906600249066,0.025529265255292654,0.02054794520547945,0.05292652552926526
VCV000869359.11,1,c.67G>T,substitution,VCV000869359,Pathogenic,"criteria provided, multiple submitters, no conflicts",beta Thalassemia; not provided,5226955,train,ClinVar,0.019302615193026153,0.013075965130759652,0.019925280199252802,0.02303860523038605,0.019302615193026153,0.009962640099626401,0.00311332503113325,0.0161892901618929,0.011830635118306352,0.00684931506849315,0.017434620174346202,0.014321295143212951,0.024283935242839352,0.013075965130759652,0.0161892901618929,0.026774595267745952,0.017434620174346202,0.013075965130759652,0.013075965130759652,0.019302615193026153,0.0112079701120797,0.011830635118306352,0.0012453300124533001,0.019925280199252802,0.0006226650062266501,0.0018679950186799503,0.0006226650062266501,0.00311332503113325,0.016811955168119553,0.0136986301369863,0.028019925280199254,0.0273972602739726,0.0112079701120797,0.008717310087173101,0.009962640099626401,0.011830635118306352,0.016811955168119553,0.010585305105853052,0.0,0.0186799501867995,0.012453300124533,0.014943960149439602,0.015566625155666251,0.016811955168119553,0.008717310087173101,0.00809464508094645,0.02054794520547945,0.016811955168119553,0.028019925280199254,0.013075965130759652,0.007471980074719801,0.026151930261519303,0.015566625155666251,0.011830635118306352,0.0018679950186799503,0.031133250311332503,0.016811955168119553,0.0224159402241594,0.026151930261519303,0.019925280199252802,0.024906600249066,0.025529265255292654,0.02054794520547945,0.05292652552926526
VCV000015258.26,1,c.59A>G,substitution,VCV000015258,Pathogenic,"criteria provided, multiple submitters, no conflicts",beta Thalassemia; not provided,5226963,challenge,ClinVar,0.019302615193026153,0.012453300124533,0.019925280199252802,0.02303860523038605,0.019302615193026153,0.009962640099626401,0.0024906600249066002,0.0161892901618929,0.011830635118306352,0.007471980074719801,0.017434620174346202,0.014321295143212951,0.024283935242839352,0.013075965130759652,0.016811955168119553,0.026151930261519303,0.017434620174346202,0.013075965130759652,0.013075965130759652,0.019302615193026153,0.0112079701120797,0.011830635118306352,0.0012453300124533001,0.019925280199252802,0.0006226650062266501,0.0018679950186799503,0.0006226650062266501,0.00311332503113325,0.016811955168119553,0.0136986301369863,0.028019925280199254,0.0273972602739726,0.0112079701120797,0.008717310087173101,0.010585305105853052,0.011830635118306352,0.016811955168119553,0.010585305105853052,0.0006226650062266501,0.0186799501867995,0.012453300124533,0.014943960149439602,0.015566625155666251,0.016811955168119553,0.008717310087173101,0.00809464508094645,0.02054794520547945,0.016811955168119553,0.0273972602739726,0.013075965130759652,0.007471980074719801,0.026151930261519303,0.015566625155666251,0.011830635118306352,0.0018679950186799503,0.031133250311332503,0.017434620174346202,0.0224159402241594,0.026151930261519303,0.019925280199252802,0.024283935242839352,0.025529265255292654,0.02054794520547945,0.05292652552926526
VCV000015401.130,1,c.52A>T,substitution,VCV000015401,Pathogenic,reviewed by expert panel,Beta-thalassemia HBB/LCRB,5226970,challenge,ClinVar,0.019302615193026153,0.013075965130759652,0.019302615193026153,0.02303860523038605,0.019302615193026153,0.009962640099626401,0.00311332503113325,0.0161892901618929,0.011830635118306352,0.00684931506849315,0.017434620174346202,0.014321295143212951,0.024283935242839352,0.013075965130759652,0.016811955168119553,0.026151930261519303,0.016811955168119553,0.013075965130759652,0.013075965130759652,0.019302615193026153,0.0112079701120797,0.011830635118306352,0.0012453300124533001,0.019925280199252802,0.0006226650062266501,0.0018679950186799503,0.0006226650062266501,0.00311332503113325,0.017434620174346202,0.0136986301369863,0.028019925280199254,0.0273972602739726,0.011830635118306352,0.008717310087173101,0.009962640099626401,0.011830635118306352,0.0161892901618929,0.010585305105853052,0.0,0.019302615193026153,0.012453300124533,0.014943960149439602,0.015566625155666251,0.016811955168119553,0.008717310087173101,0.00809464508094645,0.02054794520547945,0.016811955168119553,0.0273972602739726,0.013075965130759652,0.00809464508094645,0.026151930261519303,0.015566625155666251,0.011830635118306352,0.0018679950186799503,0.031133250311332503,0.017434620174346202,0.0224159402241594,0.026151930261519303,0.019925280199252802,0.024283935242839352,0.025529265255292654,0.02054794520547945,0.05292652552926526
VCV000811787.11,1,c.51C>T,substitution,VCV000811787,Pathogenic/Likely pathogenic,"criteria provided, multiple submitters, no conflicts",beta Thalassemia; not provided,5226971,challenge,ClinVar,0.019302615193026153,0.013075965130759652,0.019925280199252802,0.02303860523038605,0.019302615193026153,0.009962640099626401,0.00311332503113325,0.0161892901618929,0.011830635118306352,0.00684931506849315,0.017434620174346202,0.014321295143212951,0.024283935242839352,0.013075965130759652,0.016811955168119553,0.026151930261519303,0.016811955168119553,0.013075965130759652,0.013075965130759652,0.019302615193026153,0.0112079701120797,0.011830635118306352,0.0012453300124533001,0.019925280199252802,0.0006226650062266501,0.0018679950186799503,0.0006226650062266501,0.00311332503113325,0.016811955168119553,0.0136986301369863,0.028019925280199254,0.0273972602739726,0.011830635118306352,0.008717310087173101,0.009962640099626401,0.011830635118306352,0.0161892901618929,0.010585305105853052,0.0,0.0186799501867995,0.012453300124533,0.014321295143212951,0.015566625155666251,0.017434620174346202,0.00933997509339975,0.00809464508094645,0.02054794520547945,0.016811955168119553,0.028019925280199254,0.013075965130759652,0.007471980074719801,0.026151930261519303,0.015566625155666251,0.011830635118306352,0.0018679950186799503,0.031133250311332503,0.017434620174346202,0.0224159402241594,0.026151930261519303,0.019925280199252802,0.024283935242839352,0.025529265255292654,0.02054794520547945,0.05292652552926526
VCV000869271.2,1,c.22G>T,substitution,VCV000869271,Pathogenic,"criteria provided, multiple submitters, no conflicts",beta Thalassemia; not provided,5227000,train,ClinVar,0.019302615193026153,0.013075965130759652,0.019925280199252802,0.02303860523038605,0.019302615193026153,0.009962640099626401,0.00311332503113325,0.0161892901618929,0.011830635118306352,0.00684931506849315,0.016811955168119553,0.014943960149439602,0.024283935242839352,0.013075965130759652,0.016811955168119553,0.026151930261519303,0.017434620174346202,0.013075965130759652,0.013075965130759652,0.019302615193026153,0.0112079701120797,0.011830635118306352,0.0012453300124533001,0.019925280199252802,0.0006226650062266501,0.0018679950186799503,0.0006226650062266501,0.00311332503113325,0.016811955168119553,0.0136986301369863,0.028019925280199254,0.0273972602739726,0.011830635118306352,0.008717310087173101,0.00933997509339975,0.011830635118306352,0.016811955168119553,0.010585305105853052,0.0,0.0186799501867995,0.011830635118306352,0.014943960149439602,0.015566625155666251,0.016811955168119553,0.00933997509339975,0.00809464508094645,0.02054794520547945,0.016811955168119553,0.0273972602739726,0.013075965130759652,0.00809464508094645,0.026151930261519303,0.015566625155666251,0.011830635118306352,0.0018679950186799503,0.031133250311332503,0.017434620174346202,0.0224159402241594,0.026151930261519303,0.019925280199252802,0.024283935242839352,0.025529265255292654,0.02054794520547945,0.05292652552926526
VCV000015519.14,1,c.3G>A,substitution,VCV000015519,Pathogenic,"criteria provided, multiple submitters, no conflicts",Dominant beta-thalassemia; beta Thalassemia; not provided; not specified,5227019,train,ClinVar,0.019302615193026153,0.013075965130759652,0.019925280199252802,0.02303860523038605,0.019302615193026153,0.009962640099626401,0.00311332503113325,0.0161892901618929,0.011830635118306352,0.00684931506849315,0.017434620174346202,0.014943960149439602,0.024906600249066,0.013075965130759652,0.0161892901618929,0.026151930261519303,0.017434620174346202,0.013075965130759652,0.013075965130759652,0.019302615193026153,0.0112079701120797,0.011830635118306352,0.0012453300124533001,0.019925280199252802,0.0006226650062266501,0.0018679950186799503,0.0006226650062266501,0.00311332503113325,0.016811955168119553,0.0136986301369863,0.028019925280199254,0.0273972602739726,0.011830635118306352,0.008717310087173101,0.009962640099626401,0.011830635118306352,0.016811955168119553,0.010585305105853052,0.0,0.0186799501867995,0.012453300124533,0.014943960149439602,0.015566625155666251,0.0161892901618929,0.008717310087173101,0.00809464508094645,0.02054794520547945,0.016811955168119553,0.0273972602739726,0.013075965130759652,0.00809464508094645,0.026151930261519303,0.015566625155666251,0.011830635118306352,0.0018679950186799503,0.031133250311332503,0.017434620174346202,0.0224159402241594,0.025529265255292654,0.019925280199252802,0.024283935242839352,0.025529265255292654,0.02054794520547945,0.05292652552926526
VCV000869316.4,1,c.3G>T,substitution,VCV000869316,Likely pathogenic,"criteria provided, multiple submitters, no conflicts",beta Thalassemia; not provided,5227019,train,ClinVar,0.019302615193026153,0.013075965130759652,0.019925280199252802,0.02303860523038605,0.019302615193026153,0.009962640099626401,0.00311332503113325,0.0161892901618929,0.011830635118306352,0.00684931506849315,0.017434620174346202,0.014321295143212951,0.024283935242839352,0.013075965130759652,0.0161892901618929,0.026774595267745952,0.017434620174346202,0.013075965130759652,0.013075965130759652,0.019302615193026153,0.0112079701120797,0.011830635118306352,0.0012453300124533001,0.019925280199252802,0.0006226650062266501,0.0018679950186799503,0.0006226650062266501,0.00311332503113325,0.016811955168119553,0.0136986301369863,0.028019925280199254,0.0273972602739726,0.011830635118306352,0.008717310087173101,0.009962640099626401,0.011830635118306352,0.016811955168119553,0.010585305105853052,0.0,0.0186799501867995,0.012453300124533,0.014943960149439602,0.015566625155666251,0.0161892901618929,0.008717310087173101,0.00809464508094645,0.02054794520547945,0.016811955168119553,0.0273972602739726,0.013075965130759652,0.007471980074719801,0.026151930261519303,0.015566625155666251,0.011830635118306352,0.0018679950186799503,0.031133250311332503,0.017434620174346202,0.0224159402241594,0.025529265255292654,0.02054794520547945,0.024283935242839352,0.025529265255292654,0.021170610211706103,0.05292652552926526
VCV000495986.8,1,c.2T>A,substitution,VCV000495986,Pathogenic/Likely pathogenic,"criteria provided, multiple submitters, no conflicts",beta Thalassemia; not provided,5227020,train,ClinVar,0.019302615193026153,0.013075965130759652,0.02054794520547945,0.02303860523038605,0.019302615193026153,0.009962640099626401,0.00311332503113325,0.0161892901618929,0.011830635118306352,0.00684931506849315,0.01805728518057285,0.014321295143212951,0.024283935242839352,0.013075965130759652,0.0161892901618929,0.026151930261519303,0.01805728518057285,0.013075965130759652,0.013075965130759652,0.0186799501867995,0.0112079701120797,0.011830635118306352,0.0012453300124533001,0.019925280199252802,0.0006226650062266501,0.0018679950186799503,0.0006226650062266501,0.00311332503113325,0.016811955168119553,0.0136986301369863,0.028019925280199254,0.0273972602739726,0.011830635118306352,0.008717310087173101,0.009962640099626401,0.011830635118306352,0.016811955168119553,0.010585305105853052,0.0,0.0186799501867995,0.012453300124533,0.014943960149439602,0.015566625155666251,0.016811955168119553,0.008717310087173101,0.00809464508094645,0.02054794520547945,0.016811955168119553,0.0273972602739726,0.013075965130759652,0.007471980074719801,0.026151930261519303,0.015566625155666251,0.011830635118306352,0.0018679950186799503,0.031133250311332503,0.017434620174346202,0.0224159402241594,0.025529265255292654,0.019925280199252802,0.024283935242839352,0.025529265255292654,0.02054794520547945,0.05292652552926526
VCV000869231.12,1,c.1A>C,substitution,VCV000869231,Pathogenic/Likely pathogenic,"criteria provided, multiple submitters, no conflicts",beta Thalassemia; not provided,5227021,train,ClinVar,0.019302615193026153,0.013075965130759652,0.019925280199252802,0.02303860523038605,0.019302615193026153,0.009962640099626401,0.00311332503113325,0.0161892901618929,0.011830635118306352,0.00684931506849315,0.017434620174346202,0.014321295143212951,0.024283935242839352,0.013075965130759652,0.0161892901618929,0.026151930261519303,0.017434620174346202,0.013075965130759652,0.013075965130759652,0.0186799501867995,0.010585305105853052,0.012453300124533,0.0012453300124533001,0.02054794520547945,0.0006226650062266501,0.0018679950186799503,0.0006226650062266501,0.00311332503113325,0.016811955168119553,0.0136986301369863,0.028642590286425903,0.0273972602739726,0.011830635118306352,0.008717310087173101,0.009962640099626401,0.011830635118306352,0.016811955168119553,0.010585305105853052,0.0,0.0186799501867995,0.012453300124533,0.014943960149439602,0.015566625155666251,0.016811955168119553,0.008717310087173101,0.00809464508094645,0.02054794520547945,0.016811955168119553,0.0273972602739726,0.013075965130759652,0.007471980074719801,0.026151930261519303,0.015566625155666251,0.011830635118306352,0.0018679950186799503,0.031133250311332503,0.017434620174346202,0.0224159402241594,0.026151930261519303,0.019925280199252802,0.024283935242839352,0.025529265255292654,0.02054794520547945,0.05292652552926526
VCV000393704.8,1,NM_000518.5(HBB):c.-18C>G,substitution,VCV000393704,Pathogenic,"criteria provided, multiple submitters, no conflicts",beta Thalassemia; not provided,5227039,train,ClinVar,0.019302615193026153,0.013075965130759652,0.019925280199252802,0.02303860523038605,0.019302615193026153,0.009962640099626401,0.00311332503113325,0.0161892901618929,0.011830635118306352,0.0062266500622665,0.01805728518057285,0.014321295143212951,0.024283935242839352,0.013075965130759652,0.016811955168119553,0.026151930261519303,0.016811955168119553,0.013075965130759652,0.013075965130759652,0.019302615193026153,0.0112079701120797,0.011830635118306352,0.0012453300124533001,0.019925280199252802,0.0006226650062266501,0.0018679950186799503,0.0006226650062266501,0.00311332503113325,0.016811955168119553,0.0136986301369863,0.028019925280199254,0.0273972602739726,0.012453300124533,0.008717310087173101,0.009962640099626401,0.011830635118306352,0.0161892901618929,0.010585305105853052,0.0,0.0186799501867995,0.013075965130759652,0.014943960149439602,0.015566625155666251,0.016811955168119553,0.008717310087173101,0.00809464508094645,0.02054794520547945,0.016811955168119553,0.0273972602739726,0.013075965130759652,0.007471980074719801,0.026151930261519303,0.015566625155666251,0.011830635118306352,0.0018679950186799503,0.031133250311332503,0.017434620174346202,0.0224159402241594,0.026151930261519303,0.019925280199252802,0.024283935242839352,0.025529265255292654,0.02054794520547945,0.05292652552926526
VCV000393702.18,1,NM_000518.5(HBB):c.-29G>A,substitution,VCV000393702,Pathogenic,"criteria provided, multiple submitters, no conflicts",Hemoglobinopathy; beta Thalassemia; not provided,5227050,challenge,ClinVar,0.019302615193026153,0.013075965130759652,0.019925280199252802,0.02303860523038605,0.019302615193026153,0.009962640099626401,0.00311332503113325,0.0161892901618929,0.011830635118306352,0.00684931506849315,0.017434620174346202,0.014321295143212951,0.024283935242839352,0.013075965130759652,0.017434620174346202,0.026151930261519303,0.017434620174346202,0.013075965130759652,0.013075965130759652,0.019302615193026153,0.0112079701120797,0.011830635118306352,0.0012453300124533001,0.019925280199252802,0.0006226650062266501,0.0018679950186799503,0.0006226650062266501,0.00311332503113325,0.017434620174346202,0.0136986301369863,0.0273972602739726,0.0273972602739726,0.011830635118306352,0.008717310087173101,0.009962640099626401,0.011830635118306352,0.016811955168119553,0.010585305105853052,0.0,0.0186799501867995,0.012453300124533,0.014943960149439602,0.015566625155666251,0.016811955168119553,0.008717310087173101,0.00809464508094645,0.019925280199252802,0.016811955168119553,0.0273972602739726,0.013075965130759652,0.007471980074719801,0.026774595267745952,0.015566625155666251,0.011830635118306352,0.0018679950186799503,0.031133250311332503,0.017434620174346202,0.0224159402241594,0.026151930261519303,0.019302615193026153,0.024283935242839352,0.025529265255292654,0.02054794520547945,0.05292652552926526
